,GeoFips,per_capita_income
0,01001,46814
1,01003,50953
2,01005,37850
3,01007,34300
4,01009,38808
5,01011,31944
6,01013,39988
7,01015,40195
8,01017,38508
9,01019,37869
10,01021,38778
11,01023,42231
12,01025,40822
13,01027,37179
14,01029,37734
15,01031,45262
16,01033,41941
17,01035,36908
18,01037,34683
19,01039,37930
20,01041,38161
21,01043,42659
22,01045,40111
23,01047,41195
24,01049,35100
25,01051,47270
26,01053,37137
27,01055,39852
28,01057,38001
29,01059,37362
30,01061,38358
31,01063,35992
32,01065,41190
33,01067,45409
34,01069,47072
35,01071,40089
36,01073,58424
37,01075,37161
38,01077,40729
39,01079,38098
40,01081,42468
41,01083,47695
42,01085,44921
43,01087,37834
44,01089,57128
45,01091,43854
46,01093,36330
47,01095,40045
48,01097,42823
49,01099,38192
50,01101,47776
51,01103,44679
52,01105,36217
53,01107,36861
54,01109,40342
55,01111,35208
56,01113,36526
57,01115,43279
58,01117,59588
59,01119,35310
60,01121,38300
61,01123,45058
62,01125,42868
63,01127,44095
64,01129,40371
65,01131,38273
66,01133,38382
67,02010,(NA)
68,02013,59574
69,02016,59674
70,02020,70477
71,02050,47936
72,02060,152678
73,02063,69369
74,02066,49783
75,02068,72967
76,02070,60792
77,02090,62254
78,02100,64956
79,02105,64708
80,02110,74162
81,02122,56139
82,02130,70574
83,02150,66988
84,02158,33968
85,02164,63397
86,02170,50386
87,02180,55950
88,02185,90809
89,02188,52440
90,02195,72412
91,02198,48970
92,02201,(NA)
93,02220,70996
94,02230,66548
95,02231,(NA)
96,02232,(NA)
97,02240,54808
98,02261,(NA)
99,02275,48549
100,02280,(NA)
101,02282,66119
102,02290,63675
103,02901,(NA)
104,02903,(NA)
105,02904,(NA)
106,02905,(NA)
107,02907,(NA)
108,02908,(NA)
109,02910,(NA)
110,02912,(NA)
111,02916,(NA)
112,02919,(NA)
113,02920,(NA)
114,02921,(NA)
115,02922,(NA)
116,02923,(NA)
117,02924,(NA)
118,02925,(NA)
119,02926,(NA)
120,02928,(NA)
121,02929,(NA)
122,04001,38915
123,04003,45786
124,04005,53036
125,04007,44201
126,04009,35072
127,04011,44050
128,04012,39482
129,04013,53521
130,04015,36529
131,04017,36169
132,04019,48373
133,04021,35949
134,04023,42204
135,04025,44490
136,04027,40800
137,05001,50534
138,05003,38489
139,05005,39950
140,05007,94289
141,05009,38108
142,05011,42037
143,05013,38509
144,05015,34692
145,05017,44762
146,05019,39450
147,05021,39157
148,05023,41656
149,05025,40366
150,05027,38806
151,05029,40633
152,05031,40728
153,05033,35919
154,05035,41474
155,05037,41715
156,05039,40611
157,05041,44920
158,05043,40726
159,05045,41943
160,05047,33885
161,05049,31840
162,05051,44358
163,05053,41674
164,05055,38560
165,05057,33760
166,05059,34110
167,05061,34751
168,05063,38266
169,05065,32606
170,05067,41646
171,05069,39443
172,05071,30728
173,05073,38307
174,05075,38065
175,05077,32359
176,05079,29008
177,05081,37075
178,05083,34433
179,05085,43537
180,05087,34012
181,05089,33493
182,05091,37065
183,05093,37730
184,05095,40475
185,05097,32125
186,05099,35808
187,05101,32731
188,05103,41877
189,05105,38404
190,05107,38155
191,05109,33920
192,05111,37307
193,05113,32573
194,05115,36617
195,05117,42843
196,05119,55563
197,05121,36401
198,05123,30903
199,05125,45692
200,05127,32290
201,05129,31657
202,05131,45586
203,05133,32926
204,05135,35612
205,05137,32753
206,05139,48669
207,05141,34482
208,05143,43817
209,05145,39598
210,05147,45248
211,05149,33506
212,06001,87078
213,06003,76175
214,06005,47721
215,06007,50279
216,06009,53026
217,06011,57382
218,06013,92264
219,06015,40192
220,06017,72662
221,06019,48495
222,06021,52219
223,06023,50182
224,06025,44500
225,06027,64335
226,06029,44721
227,06031,41829
228,06033,47144
229,06035,40490
230,06037,68272
231,06039,44532
232,06041,145575
233,06043,57828
234,06045,54795
235,06047,43914
236,06049,52779
237,06051,54586
238,06053,61510
239,06055,82408
240,06057,64876
241,06059,74618
242,06061,72279
243,06063,55029
244,06065,45834
245,06067,58307
246,06069,60807
247,06071,44831
248,06073,66266
249,06075,144818
250,06077,51816
251,06079,62342
252,06081,141841
253,06083,67879
254,06085,123661
255,06087,75957
256,06089,51649
257,06091,49139
258,06093,49664
259,06095,58688
260,06097,71386
261,06099,48954
262,06101,50730
263,06103,46007
264,06105,43877
265,06107,46348
266,06109,49708
267,06111,67422
268,06113,58391
269,06115,46373
270,08001,48115
271,08003,42974
272,08005,66691
273,08007,46287
274,08009,53223
275,08011,33591
276,08013,79649
277,08014,67495
278,08015,51361
279,08017,61731
280,08019,67132
281,08021,39847
282,08023,38430
283,08025,23751
284,08027,45691
285,08029,42127
286,08031,85411
287,08033,42093
288,08035,78980
289,08037,87872
290,08039,63970
291,08041,54151
292,08043,38952
293,08045,62581
294,08047,55256
295,08049,57476
296,08051,51025
297,08053,49423
298,08055,46859
299,08057,62008
300,08059,68829
301,08061,66839
302,08063,47198
303,08065,40344
304,08067,61304
305,08069,58725
306,08071,43118
307,08073,35695
308,08075,46217
309,08077,48435
310,08079,73101
311,08081,47467
312,08083,46919
313,08085,45262
314,08087,48701
315,08089,41333
316,08091,67263
317,08093,48514
318,08095,49877
319,08097,155067
320,08099,41990
321,08101,43196
322,08103,52422
323,08105,53641
324,08107,85836
325,08109,40032
326,08111,50039
327,08113,93954
328,08115,50896
329,08117,77754
330,08119,54587
331,08121,49287
332,08123,52054
333,08125,47285
334,09001,120244
335,09003,67938
336,09005,67118
337,09007,71291
338,09009,60092
339,09011,61191
340,09013,59590
341,09015,50747
342,10001,46600
343,10003,59955
344,10005,54352
345,11001,86567
346,12001,49556
347,12003,36552
348,12005,50696
349,12007,36301
350,12009,51507
351,12011,55908
352,12013,32264
353,12015,45606
354,12017,41933
355,12019,47407
356,12021,103865
357,12023,38243
358,12027,27863
359,12029,30651
360,12031,51131
361,12033,47381
362,12035,50599
363,12037,39452
364,12039,38507
365,12041,37425
366,12043,28116
367,12045,49666
368,12047,29383
369,12049,31775
370,12051,35546
371,12053,41385
372,12055,37158
373,12057,51848
374,12059,34661
375,12061,84607
376,12063,38710
377,12065,44065
378,12067,30032
379,12069,46563
380,12071,54707
381,12073,48850
382,12075,40598
383,12077,28496
384,12079,35828
385,12081,52395
386,12083,41553
387,12085,89185
388,12086,57213
389,12087,106583
390,12089,64746
391,12091,54630
392,12093,34998
393,12095,49390
394,12097,39210
395,12099,87478
396,12101,45461
397,12103,59178
398,12105,39760
399,12107,36354
400,12109,73944
401,12111,43970
402,12113,49472
403,12115,70884
404,12117,53403
405,12119,54533
406,12121,35987
407,12123,33227
408,12125,24593
409,12127,46475
410,12129,39938
411,12131,69862
412,12133,32862
413,13001,39199
414,13003,31938
415,13005,38281
416,13007,43156
417,13009,36399
418,13011,37333
419,13013,40435
420,13015,42734
421,13017,36234
422,13019,35260
423,13021,44830
424,13023,36712
425,13025,30007
426,13027,40221
427,13029,56648
428,13031,35376
429,13033,41973
430,13035,37403
431,13037,28426
432,13039,39262
433,13043,36613
434,13045,42058
435,13047,38815
436,13049,27192
437,13051,51805
438,13053,33166
439,13055,33855
440,13057,56278
441,13059,37588
442,13061,38731
443,13063,32702
444,13065,44238
445,13067,63214
446,13069,35507
447,13071,37418
448,13073,54420
449,13075,36301
450,13077,52106
451,13079,37563
452,13081,37250
453,13083,37327
454,13085,48170
455,13087,40879
456,13089,56428
457,13091,33419
458,13093,34582
459,13095,40161
460,13097,40264
461,13099,42889
462,13101,31945
463,13103,45069
464,13105,38414
465,13107,37678
466,13109,37408
467,13111,39796
468,13113,71384
469,13115,41238
470,13117,67859
471,13119,35134
472,13121,95683
473,13123,37542
474,13125,36615
475,13127,50480
476,13129,37759
477,13131,37725
478,13133,61326
479,13135,46886
480,13137,36691
481,13139,48759
482,13141,33557
483,13143,39401
484,13145,51168
485,13147,39402
486,13149,34362
487,13151,43812
488,13153,46579
489,13155,38364
490,13157,45099
491,13159,40541
492,13161,34341
493,13163,39544
494,13165,33497
495,13167,27965
496,13169,41436
497,13171,37303
498,13173,31021
499,13175,41650
500,13177,51908
501,13179,40087
502,13181,40424
503,13183,29738
504,13185,41117
505,13187,41181
506,13189,41111
507,13191,34500
508,13193,33955
509,13195,38890
510,13197,31621
511,13199,39121
512,13201,49844
513,13205,39711
514,13207,48985
515,13209,34061
516,13211,55032
517,13213,33841
518,13215,48080
519,13217,38256
520,13219,71768
521,13221,38236
522,13223,42595
523,13225,41931
524,13227,50868
525,13229,39979
526,13231,44311
527,13233,36190
528,13235,34636
529,13237,48498
530,13239,34810
531,13241,44160
532,13243,37204
533,13245,41999
534,13247,40051
535,13249,35588
536,13251,37694
537,13253,48082
538,13255,38792
539,13257,40153
540,13259,25041
541,13261,40387
542,13263,38621
543,13265,36860
544,13267,30222
545,13269,33630
546,13271,22644
547,13273,44976
548,13275,49443
549,13277,42279
550,13279,40041
551,13281,42908
552,13283,31899
553,13285,40920
554,13287,39281
555,13289,44686
556,13291,39839
557,13293,39391
558,13295,36157
559,13297,44977
560,13299,37306
561,13301,39545
562,13303,39151
563,13305,34877
564,13307,36032
565,13309,21087
566,13311,38858
567,13313,43456
568,13315,29895
569,13317,42093
570,13319,40158
571,13321,39102
572,15001,46281
573,15003,62793
574,15007,54089
575,15901,51838
576,16001,57215
577,16003,41066
578,16005,41272
579,16007,46370
580,16009,42803
581,16011,42541
582,16013,117681
583,16015,45422
584,16017,44751
585,16019,54601
586,16021,39272
587,16023,51370
588,16025,53373
589,16027,37611
590,16029,48595
591,16031,51149
592,16033,47615
593,16035,39140
594,16037,48718
595,16039,42033
596,16041,40495
597,16043,40803
598,16045,42561
599,16047,68597
600,16049,39182
601,16051,40288
602,16053,42332
603,16055,48953
604,16057,43944
605,16059,47981
606,16061,54918
607,16063,45593
608,16065,30838
609,16067,46743
610,16069,50550
611,16071,43117
612,16073,42616
613,16075,44312
614,16077,52807
615,16079,40953
616,16081,43521
617,16083,44112
618,16085,52298
619,16087,40050
620,17001,51779
621,17003,43272
622,17005,41745
623,17007,51066
624,17009,41094
625,17011,47081
626,17013,47665
627,17015,50871
628,17017,48079
629,17019,49187
630,17021,46873
631,17023,46560
632,17025,45559
633,17027,51095
634,17029,45967
635,17031,69935
636,17033,50986
637,17035,80116
638,17037,45555
639,17039,53339
640,17041,55721
641,17043,79127
642,17045,48411
643,17047,45295
644,17049,54838
645,17051,40786
646,17053,58512
647,17055,41625
648,17057,42264
649,17059,48856
650,17061,42437
651,17063,61862
652,17065,48255
653,17067,51388
654,17069,40720
655,17071,48805
656,17073,51103
657,17075,51824
658,17077,40297
659,17079,48090
660,17081,44163
661,17083,46828
662,17085,53399
663,17087,39793
664,17089,55976
665,17091,46988
666,17093,53998
667,17095,44921
668,17097,85159
669,17099,49292
670,17101,35878
671,17103,47249
672,17105,52100
673,17107,41682
674,17109,41685
675,17111,60097
676,17113,54639
677,17115,52196
678,17117,45948
679,17119,51433
680,17121,46966
681,17123,51165
682,17125,47178
683,17127,44089
684,17129,51028
685,17131,53966
686,17133,61366
687,17135,40180
688,17137,43763
689,17139,69297
690,17141,50110
691,17143,54609
692,17145,41366
693,17147,59952
694,17149,47052
695,17151,33286
696,17153,43533
697,17155,66839
698,17157,41919
699,17159,46318
700,17161,48492
701,17163,49646
702,17165,44321
703,17167,52891
704,17169,49505
705,17171,47152
706,17173,45745
707,17175,51267
708,17177,46534
709,17179,51920
710,17181,48028
711,17183,44533
712,17185,47543
713,17187,47232
714,17189,53789
715,17191,44127
716,17193,52223
717,17195,48757
718,17197,57700
719,17199,48625
720,17201,47404
721,17203,56797
722,18001,42452
723,18003,50327
724,18005,55804
725,18007,48450
726,18009,41561
727,18011,80314
728,18013,51505
729,18015,46792
730,18017,44305
731,18019,48210
732,18021,41941
733,18023,43027
734,18025,38276
735,18027,47919
736,18029,52778
737,18031,48033
738,18033,48937
739,18035,40948
740,18037,59524
741,18039,49875
742,18041,45375
743,18043,60233
744,18045,44685
745,18047,51316
746,18049,46613
747,18051,48976
748,18053,43997
749,18055,44437
750,18057,80426
751,18059,55084
752,18061,46468
753,18063,55169
754,18065,43016
755,18067,44945
756,18069,45969
757,18071,47673
758,18073,48987
759,18075,42194
760,18077,48068
761,18079,45380
762,18081,53081
763,18083,49156
764,18085,51687
765,18087,45115
766,18089,49229
767,18091,46274
768,18093,45897
769,18095,42283
770,18097,59264
771,18099,45277
772,18101,44160
773,18103,37669
774,18105,46693
775,18107,44415
776,18109,47894
777,18111,46215
778,18113,44436
779,18115,44555
780,18117,41640
781,18119,45143
782,18121,41554
783,18123,40140
784,18125,44603
785,18127,57654
786,18129,54646
787,18131,50558
788,18133,41404
789,18135,44027
790,18137,46992
791,18139,49889
792,18141,51141
793,18143,41981
794,18145,48628
795,18147,47890
796,18149,38910
797,18151,48032
798,18153,39903
799,18155,35647
800,18157,41446
801,18159,50127
802,18161,43626
803,18163,50033
804,18165,41997
805,18167,41895
806,18169,46847
807,18171,49845
808,18173,60188
809,18175,43519
810,18177,45499
811,18179,45704
812,18181,47633
813,18183,49256
814,19001,56422
815,19003,59569
816,19005,51107
817,19007,42125
818,19009,54313
819,19011,57277
820,19013,49133
821,19015,52028
822,19017,52608
823,19019,51065
824,19021,48077
825,19023,49428
826,19025,52585
827,19027,56244
828,19029,50849
829,19031,56528
830,19033,53643
831,19035,60881
832,19037,59495
833,19039,43807
834,19041,54395
835,19043,53657
836,19045,48328
837,19047,45230
838,19049,70851
839,19051,41649
840,19053,38347
841,19055,54843
842,19057,51704
843,19059,63319
844,19061,54751
845,19063,46654
846,19065,47373
847,19067,50215
848,19069,51028
849,19071,50870
850,19073,52647
851,19075,55615
852,19077,54755
853,19079,51584
854,19081,54318
855,19083,50328
856,19085,49678
857,19087,46541
858,19089,52726
859,19091,52298
860,19093,57429
861,19095,58759
862,19097,49878
863,19099,46473
864,19101,42674
865,19103,56573
866,19105,47506
867,19107,48599
868,19109,53422
869,19111,45548
870,19113,56592
871,19115,44821
872,19117,44707
873,19119,57766
874,19121,53244
875,19123,46388
876,19125,53648
877,19127,47696
878,19129,60384
879,19131,62037
880,19133,50807
881,19135,48423
882,19137,45665
883,19139,51135
884,19141,57629
885,19143,50706
886,19145,47321
887,19147,51679
888,19149,59460
889,19151,53074
890,19153,57080
891,19155,47921
892,19157,50139
893,19159,50196
894,19161,59653
895,19163,58465
896,19165,55229
897,19167,55209
898,19169,45951
899,19171,52315
900,19173,44763
901,19175,43735
902,19177,41781
903,19179,42889
904,19181,54251
905,19183,59565
906,19185,46743
907,19187,48862
908,19189,45722
909,19191,54036
910,19193,47731
911,19195,45566
912,19197,52825
913,20001,45840
914,20003,43864
915,20005,42974
916,20007,49804
917,20009,49436
918,20011,44521
919,20013,48026
920,20015,50789
921,20017,56852
922,20019,44908
923,20021,44739
924,20023,54465
925,20025,60647
926,20027,47126
927,20029,44452
928,20031,56988
929,20033,46141
930,20035,42334
931,20037,42963
932,20039,51018
933,20041,47348
934,20043,44885
935,20045,47494
936,20047,61904
937,20049,42431
938,20051,50785
939,20053,47276
940,20055,46899
941,20057,45081
942,20059,46437
943,20061,54663
944,20063,61150
945,20065,56190
946,20067,44835
947,20069,60355
948,20071,89737
949,20073,46032
950,20075,75840
951,20077,57870
952,20079,46698
953,20081,56311
954,20083,61030
955,20085,46523
956,20087,48099
957,20089,55860
958,20091,80681
959,20093,61932
960,20095,50889
961,20097,48250
962,20099,47114
963,20101,72211
964,20103,46176
965,20105,52328
966,20107,44155
967,20109,57732
968,20111,43035
969,20113,58438
970,20115,46588
971,20117,48358
972,20119,65633
973,20121,52811
974,20123,63384
975,20125,40651
976,20127,48171
977,20129,54151
978,20131,56013
979,20133,43566
980,20135,60508
981,20137,47679
982,20139,46698
983,20141,51423
984,20143,45692
985,20145,43986
986,20147,56496
987,20149,57495
988,20151,53750
989,20153,65230
990,20155,44529
991,20157,49163
992,20159,46275
993,20161,45177
994,20163,46817
995,20165,59190
996,20167,48430
997,20169,53320
998,20171,60520
999,20173,56550
1000,20175,43606
1001,20177,51216
1002,20179,50691
1003,20181,48439
1004,20183,54497
1005,20185,50623
1006,20187,85633
1007,20189,48686
1008,20191,44392
1009,20193,51457
1010,20195,56311
1011,20197,54428
1012,20199,59159
1013,20201,52731
1014,20203,61032
1015,20205,45341
1016,20207,43381
1017,20209,36961
1018,21001,35880
1019,21003,35499
1020,21005,44009
1021,21007,45124
1022,21009,41057
1023,21011,35333
1024,21013,34618
1025,21015,53405
1026,21017,51624
1027,21019,43917
1028,21021,43024
1029,21023,42258
1030,21025,38011
1031,21027,39084
1032,21029,46618
1033,21031,38969
1034,21033,40364
1035,21035,38629
1036,21037,53445
1037,21039,48900
1038,21041,41568
1039,21043,36002
1040,21045,36436
1041,21047,42884
1042,21049,43952
1043,21051,35259
1044,21053,35609
1045,21055,39879
1046,21057,44628
1047,21059,46373
1048,21061,37223
1049,21063,27001
1050,21065,36569
1051,21067,54824
1052,21069,39846
1053,21071,41330
1054,21073,47009
1055,21075,39745
1056,21077,38178
1057,21079,38822
1058,21081,40772
1059,21083,42264
1060,21085,38959
1061,21087,39882
1062,21089,45897
1063,21091,40261
1064,21093,47873
1065,21095,35824
1066,21097,41079
1067,21099,37418
1068,21101,44793
1069,21103,43426
1070,21105,46425
1071,21107,42918
1072,21109,33106
1073,21111,57863
1074,21113,49406
1075,21115,37769
1076,21117,62500
1077,21119,35697
1078,21121,33797
1079,21123,42333
1080,21125,37869
1081,21127,36446
1082,21129,32694
1083,21131,38666
1084,21133,35770
1085,21135,36806
1086,21137,37303
1087,21139,43379
1088,21141,40963
1089,21143,40843
1090,21145,52171
1091,21147,30943
1092,21149,43162
1093,21151,39093
1094,21153,38033
1095,21155,41225
1096,21157,45975
1097,21159,32383
1098,21161,45488
1099,21163,44720
1100,21165,35489
1101,21167,41025
1102,21169,35804
1103,21171,42638
1104,21173,39549
1105,21175,31500
1106,21177,37328
1107,21179,47784
1108,21181,39531
1109,21183,36606
1110,21185,68986
1111,21187,37464
1112,21189,36830
1113,21191,46524
1114,21193,43661
1115,21195,39450
1116,21197,37224
1117,21199,41989
1118,21201,39137
1119,21203,35809
1120,21205,34561
1121,21207,40672
1122,21209,47509
1123,21211,50602
1124,21213,42537
1125,21215,49066
1126,21217,39488
1127,21219,41672
1128,21221,41497
1129,21223,44227
1130,21225,41157
1131,21227,40705
1132,21229,41902
1133,21231,33258
1134,21233,42496
1135,21235,38256
1136,21237,36449
1137,21239,54911
1138,22001,40916
1139,22003,37054
1140,22005,54395
1141,22007,51585
1142,22009,41977
1143,22011,47003
1144,22013,42372
1145,22015,48907
1146,22017,55047
1147,22019,50994
1148,22021,38705
1149,22023,49224
1150,22025,39357
1151,22027,36281
1152,22029,38891
1153,22031,45615
1154,22033,56484
1155,22035,41875
1156,22037,44787
1157,22039,37820
1158,22041,37754
1159,22043,34870
1160,22045,44242
1161,22047,46461
1162,22049,37665
1163,22051,55373
1164,22053,45620
1165,22055,52507
1166,22057,48741
1167,22059,36116
1168,22061,44944
1169,22063,45620
1170,22065,38337
1171,22067,44187
1172,22069,43702
1173,22071,57421
1174,22073,45661
1175,22075,51456
1176,22077,52332
1177,22079,50226
1178,22081,45680
1179,22083,42644
1180,22085,38190
1181,22087,36093
1182,22089,53148
1183,22091,48743
1184,22093,56880
1185,22095,45927
1186,22097,46131
1187,22099,42203
1188,22101,45760
1189,22103,70190
1190,22105,41792
1191,22107,44043
1192,22109,45942
1193,22111,43609
1194,22113,42526
1195,22115,45320
1196,22117,38515
1197,22119,45088
1198,22121,51758
1199,22123,37148
1200,22125,41145
1201,22127,41491
1202,23001,46357
1203,23003,47605
1204,23005,68237
1205,23007,43276
1206,23009,55393
1207,23011,50469
1208,23013,54363
1209,23015,54300
1210,23017,42327
1211,23019,47315
1212,23021,42527
1213,23023,55965
1214,23025,43134
1215,23027,47495
1216,23029,45558
1217,23031,58038
1218,24001,43970
1219,24003,72197
1220,24005,66585
1221,24009,66469
1222,24011,48393
1223,24013,66901
1224,24015,51853
1225,24017,61324
1226,24019,49921
1227,24021,66664
1228,24023,48630
1229,24025,63432
1230,24027,81969
1231,24029,64331
1232,24031,89552
1233,24033,54195
1234,24035,67861
1235,24037,61144
1236,24039,32531
1237,24041,76528
1238,24043,50493
1239,24045,44184
1240,24047,59881
1241,24510,54097
1242,25001,80420
1243,25003,61872
1244,25005,61031
1245,25007,89757
1246,25009,74519
1247,25011,59853
1248,25013,57821
1249,25015,57030
1250,25017,90688
1251,25019,114832
1252,25021,98019
1253,25023,74034
1254,25025,90571
1255,25027,63286
1256,26001,44953
1257,26003,37951
1258,26005,50091
1259,26007,45685
1260,26009,52490
1261,26011,43466
1262,26013,38750
1263,26015,49232
1264,26017,47786
1265,26019,50509
1266,26021,52395
1267,26023,42356
1268,26025,44729
1269,26027,50365
1270,26029,57289
1271,26031,44801
1272,26033,39693
1273,26035,38655
1274,26037,51053
1275,26039,39405
1276,26041,45260
1277,26043,53526
1278,26045,47407
1279,26047,62918
1280,26049,46152
1281,26051,40772
1282,26053,47894
1283,26055,56861
1284,26057,42067
1285,26059,39404
1286,26061,42884
1287,26063,53638
1288,26065,44957
1289,26067,39366
1290,26069,43618
1291,26071,49153
1292,26073,40021
1293,26075,44889
1294,26077,52403
1295,26079,41545
1296,26081,57397
1297,26083,51972
1298,26085,39507
1299,26087,49441
1300,26089,73238
1301,26091,44821
1302,26093,62622
1303,26095,36339
1304,26097,50217
1305,26099,52195
1306,26101,44382
1307,26103,44445
1308,26105,45326
1309,26107,37579
1310,26109,47594
1311,26111,57561
1312,26113,40298
1313,26115,52028
1314,26117,40018
1315,26119,42154
1316,26121,44000
1317,26123,42117
1318,26125,76941
1319,26127,43261
1320,26129,39101
1321,26131,45761
1322,26133,41965
1323,26135,36374
1324,26137,46166
1325,26139,52759
1326,26141,45872
1327,26143,41258
1328,26145,45328
1329,26147,50107
1330,26149,43818
1331,26151,44093
1332,26153,45281
1333,26155,44855
1334,26157,43073
1335,26159,45869
1336,26161,63655
1337,26163,48788
1338,26165,41545
1339,27001,46390
1340,27003,55694
1341,27005,51772
1342,27007,45368
1343,27009,49403
1344,27011,62498
1345,27013,49288
1346,27015,59763
1347,27017,47227
1348,27019,75677
1349,27021,51340
1350,27023,56148
1351,27025,53140
1352,27027,47522
1353,27029,49654
1354,27031,56220
1355,27033,56130
1356,27035,49092
1357,27037,64748
1358,27039,51585
1359,27041,56039
1360,27043,50321
1361,27045,49630
1362,27047,50364
1363,27049,58303
1364,27051,55429
1365,27053,79183
1366,27055,55443
1367,27057,52122
1368,27059,49082
1369,27061,48872
1370,27063,62789
1371,27065,48092
1372,27067,57122
1373,27069,63181
1374,27071,49019
1375,27073,60286
1376,27075,51683
1377,27077,60435
1378,27079,54361
1379,27081,53464
1380,27083,54589
1381,27085,54149
1382,27087,40781
1383,27089,63090
1384,27091,57955
1385,27093,49478
1386,27095,47379
1387,27097,47610
1388,27099,50537
1389,27101,63620
1390,27103,53083
1391,27105,53881
1392,27107,51626
1393,27109,63100
1394,27111,52707
1395,27113,61825
1396,27115,42237
1397,27117,59326
1398,27119,55849
1399,27121,56561
1400,27123,58557
1401,27125,55620
1402,27127,61772
1403,27129,58489
1404,27131,47839
1405,27133,59225
1406,27135,55999
1407,27137,50986
1408,27139,65655
1409,27141,50710
1410,27143,53677
1411,27145,51216
1412,27147,51703
1413,27149,55345
1414,27151,56060
1415,27153,47123
1416,27155,74000
1417,27157,53837
1418,27159,43925
1419,27161,47139
1420,27163,72273
1421,27165,53034
1422,27167,62497
1423,27169,52198
1424,27171,55218
1425,27173,61315
1426,28001,38331
1427,28003,38956
1428,28005,37692
1429,28007,37962
1430,28009,34691
1431,28011,42767
1432,28013,38017
1433,28015,41624
1434,28017,40254
1435,28019,38813
1436,28021,34852
1437,28023,42207
1438,28025,42187
1439,28027,40781
1440,28029,36414
1441,28031,38250
1442,28033,45764
1443,28035,42175
1444,28037,38355
1445,28039,38668
1446,28041,31102
1447,28043,40296
1448,28045,39455
1449,28047,41534
1450,28049,43452
1451,28051,33567
1452,28053,40236
1453,28055,38921
1454,28057,39878
1455,28059,41575
1456,28061,41967
1457,28063,38101
1458,28065,33434
1459,28067,40402
1460,28069,33841
1461,28071,46037
1462,28073,43227
1463,28075,42673
1464,28077,36649
1465,28079,32239
1466,28081,46138
1467,28083,43878
1468,28085,42121
1469,28087,44152
1470,28089,68381
1471,28091,41433
1472,28093,37543
1473,28095,39729
1474,28097,39432
1475,28099,38507
1476,28101,37484
1477,28103,37781
1478,28105,37853
1479,28107,37593
1480,28109,40201
1481,28111,36953
1482,28113,34718
1483,28115,37342
1484,28117,34158
1485,28119,34239
1486,28121,48295
1487,28123,32840
1488,28125,42775
1489,28127,38987
1490,28129,36494
1491,28131,37001
1492,28133,35454
1493,28135,33784
1494,28137,40134
1495,28139,42051
1496,28141,37593
1497,28143,40994
1498,28145,36387
1499,28147,34814
1500,28149,44422
1501,28151,43778
1502,28153,36967
1503,28155,43060
1504,28157,34759
1505,28159,38970
1506,28161,41336
1507,28163,33672
1508,29001,34867
1509,29003,48186
1510,29005,53958
1511,29007,42029
1512,29009,37114
1513,29011,42031
1514,29013,44523
1515,29015,40318
1516,29017,36548
1517,29019,51330
1518,29021,42653
1519,29023,40255
1520,29025,41488
1521,29027,42524
1522,29029,40778
1523,29031,47386
1524,29033,50990
1525,29035,35898
1526,29037,50654
1527,29039,34130
1528,29041,49650
1529,29043,43602
1530,29045,40825
1531,29047,51619
1532,29049,46823
1533,29051,51905
1534,29053,44486
1535,29055,38430
1536,29057,38581
1537,29059,35840
1538,29061,37380
1539,29063,36799
1540,29065,36327
1541,29067,31031
1542,29069,38821
1543,29071,48108
1544,29073,43589
1545,29075,46483
1546,29077,47388
1547,29079,39098
1548,29081,41238
1549,29083,44780
1550,29085,31380
1551,29087,56644
1552,29089,43946
1553,29091,37414
1554,29093,36530
1555,29095,50209
1556,29097,42488
1557,29099,46027
1558,29101,40207
1559,29103,40933
1560,29105,38403
1561,29107,45825
1562,29109,36746
1563,29111,39481
1564,29113,44032
1565,29115,42456
1566,29117,43804
1567,29119,31941
1568,29121,44785
1569,29123,40312
1570,29125,37638
1571,29127,44121
1572,29129,35358
1573,29131,39349
1574,29133,37483
1575,29135,41930
1576,29137,44528
1577,29139,46688
1578,29141,42880
1579,29143,41953
1580,29145,41771
1581,29147,36315
1582,29149,33166
1583,29151,49250
1584,29153,33722
1585,29155,40931
1586,29157,45002
1587,29159,40971
1588,29161,42030
1589,29163,40471
1590,29165,60698
1591,29167,36944
1592,29169,44732
1593,29171,39308
1594,29173,44688
1595,29175,42615
1596,29177,46047
1597,29179,38107
1598,29181,34297
1599,29183,56879
1600,29185,33058
1601,29186,44925
1602,29187,37377
1603,29189,78804
1604,29195,43076
1605,29197,33550
1606,29199,41576
1607,29201,44148
1608,29203,33071
1609,29205,45373
1610,29207,41158
1611,29209,41975
1612,29211,44877
1613,29213,38859
1614,29215,32774
1615,29217,39496
1616,29219,45011
1617,29221,33148
1618,29223,34018
1619,29225,35845
1620,29227,41861
1621,29229,35480
1622,29510,51041
1623,30001,52501
1624,30003,35950
1625,30005,36301
1626,30007,48786
1627,30009,56900
1628,30011,53760
1629,30013,52226
1630,30015,48627
1631,30017,51268
1632,30019,64205
1633,30021,50972
1634,30023,45039
1635,30025,54203
1636,30027,48900
1637,30029,52740
1638,30031,63432
1639,30033,44812
1640,30035,41773
1641,30037,56481
1642,30039,49242
1643,30041,50018
1644,30043,52770
1645,30045,56953
1646,30047,44068
1647,30049,54040
1648,30051,51268
1649,30053,41129
1650,30055,48924
1651,30057,57112
1652,30059,49730
1653,30061,43233
1654,30063,54353
1655,30065,49756
1656,30067,55213
1657,30069,41080
1658,30071,48341
1659,30073,56218
1660,30075,44756
1661,30077,47024
1662,30079,57918
1663,30081,49860
1664,30083,63761
1665,30085,41531
1666,30087,50566
1667,30089,41398
1668,30091,61236
1669,30093,50672
1670,30095,57382
1671,30097,54287
1672,30099,53172
1673,30101,60089
1674,30103,66721
1675,30105,54556
1676,30107,42348
1677,30109,48913
1678,30111,56588
1679,31001,53232
1680,31003,69121
1681,31005,53618
1682,31007,59097
1683,31009,70372
1684,31011,69564
1685,31013,53723
1686,31015,62078
1687,31017,60280
1688,31019,60230
1689,31021,53602
1690,31023,56101
1691,31025,57220
1692,31027,58373
1693,31029,68843
1694,31031,50817
1695,31033,50334
1696,31035,57104
1697,31037,49977
1698,31039,71653
1699,31041,54458
1700,31043,47062
1701,31045,43101
1702,31047,49096
1703,31049,43738
1704,31051,49974
1705,31053,52445
1706,31055,65737
1707,31057,86360
1708,31059,63206
1709,31061,57959
1710,31063,46216
1711,31065,53727
1712,31067,52843
1713,31069,50671
1714,31071,47856
1715,31073,59049
1716,31075,54922
1717,31077,56500
1718,31079,47793
1719,31081,61230
1720,31083,57828
1721,31085,79926
1722,31087,46667
1723,31089,59853
1724,31091,54516
1725,31093,50857
1726,31095,53407
1727,31097,39498
1728,31099,61585
1729,31101,51040
1730,31103,66705
1731,31105,50075
1732,31107,53356
1733,31109,52887
1734,31111,54043
1735,31113,58616
1736,31115,61740
1737,31117,62907
1738,31119,55104
1739,31121,50870
1740,31123,63120
1741,31125,46091
1742,31127,51548
1743,31129,59449
1744,31131,57873
1745,31133,51436
1746,31135,71191
1747,31137,59324
1748,31139,62493
1749,31141,52316
1750,31143,57312
1751,31145,52196
1752,31147,54773
1753,31149,72590
1754,31151,47785
1755,31153,55173
1756,31155,56892
1757,31157,49048
1758,31159,56220
1759,31161,56597
1760,31163,50461
1761,31165,64440
1762,31167,52621
1763,31169,60659
1764,31171,57805
1765,31173,45789
1766,31175,59867
1767,31177,60738
1768,31179,49143
1769,31181,53815
1770,31183,70710
1771,31185,56457
1772,32001,50081
1773,32003,51244
1774,32005,78416
1775,32007,50429
1776,32009,42962
1777,32011,46792
1778,32013,51772
1779,32015,72931
1780,32017,43357
1781,32019,44098
1782,32021,48982
1783,32023,41367
1784,32027,37906
1785,32029,65971
1786,32031,66076
1787,32033,50653
1788,32510,56510
1789,33001,66919
1790,33003,63403
1791,33005,56088
1792,33007,49564
1793,33009,67943
1794,33011,66548
1795,33013,63839
1796,33015,80220
1797,33017,56104
1798,33019,57602
1799,34001,55802
1800,34003,91972
1801,34005,67154
1802,34007,58830
1803,34009,67836
1804,34011,45498
1805,34013,70497
1806,34015,60386
1807,34017,71682
1808,34019,95088
1809,34021,74218
1810,34023,66640
1811,34025,86091
1812,34027,102227
1813,34029,57344
1814,34031,55775
1815,34033,54578
1816,34035,112825
1817,34037,67814
1818,34039,72543
1819,34041,60525
1820,35001,48683
1821,35003,36171
1822,35005,43615
1823,35006,32755
1824,35007,45610
1825,35009,48894
1826,35011,56603
1827,35013,40218
1828,35015,62356
1829,35017,45561
1830,35019,39140
1831,35021,50723
1832,35023,48166
1833,35025,47215
1834,35027,44732
1835,35028,76142
1836,35029,38022
1837,35031,32804
1838,35033,45300
1839,35035,38779
1840,35037,44691
1841,35039,40771
1842,35041,46999
1843,35043,47257
1844,35045,38370
1845,35047,40675
1846,35049,63004
1847,35051,47388
1848,35053,39055
1849,35055,42965
1850,35057,37276
1851,35059,41932
1852,35061,38918
1853,36001,66632
1854,36003,40840
1855,36005,43919
1856,36007,49314
1857,36009,45200
1858,36011,48585
1859,36013,45357
1860,36015,49439
1861,36017,47842
1862,36019,48292
1863,36021,60859
1864,36023,45776
1865,36025,45822
1866,36027,62319
1867,36029,56748
1868,36031,50824
1869,36033,42525
1870,36035,48957
1871,36037,49468
1872,36039,52484
1873,36041,60014
1874,36043,47266
1875,36045,53964
1876,36047,59468
1877,36049,51992
1878,36051,49382
1879,36053,49137
1880,36055,58299
1881,36057,46332
1882,36059,96253
1883,36061,191220
1884,36063,51506
1885,36065,50201
1886,36067,58919
1887,36069,59335
1888,36071,57688
1889,36073,44477
1890,36075,46210
1891,36077,49275
1892,36079,73152
1893,36081,57085
1894,36083,54748
1895,36085,62558
1896,36087,66350
1897,36089,43034
1898,36091,77398
1899,36093,58210
1900,36095,46469
1901,36097,46971
1902,36099,44065
1903,36101,50331
1904,36103,76713
1905,36105,52249
1906,36107,50990
1907,36109,49486
1908,36111,56071
1909,36113,59509
1910,36115,46305
1911,36117,51282
1912,36119,115386
1913,36121,47331
1914,36123,45258
1915,37001,43973
1916,37003,40176
1917,37005,40599
1918,37007,38785
1919,37009,39612
1920,37011,39437
1921,37013,46363
1922,37015,40351
1923,37017,39264
1924,37019,46829
1925,37021,53309
1926,37023,38946
1927,37025,49679
1928,37027,38894
1929,37029,48642
1930,37031,53276
1931,37033,39265
1932,37035,49193
1933,37037,66766
1934,37039,36620
1935,37041,45388
1936,37043,37625
1937,37045,41616
1938,37047,37112
1939,37049,48832
1940,37051,42992
1941,37053,49152
1942,37055,59240
1943,37057,43348
1944,37059,52153
1945,37061,37872
1946,37063,54056
1947,37065,39394
1948,37067,51323
1949,37069,39490
1950,37071,44103
1951,37073,41571
1952,37075,37943
1953,37077,42807
1954,37079,34811
1955,37081,49856
1956,37083,39680
1957,37085,38280
1958,37087,43754
1959,37089,47385
1960,37091,36216
1961,37093,35411
1962,37095,42832
1963,37097,56201
1964,37099,38341
1965,37101,44087
1966,37103,43254
1967,37105,44870
1968,37107,44361
1969,37109,50216
1970,37111,37858
1971,37113,44564
1972,37115,38148
1973,37117,38301
1974,37119,65244
1975,37121,39476
1976,37123,39353
1977,37125,54514
1978,37127,45890
1979,37129,50780
1980,37131,38402
1981,37133,43122
1982,37135,67089
1983,37137,45994
1984,37139,42529
1985,37141,41292
1986,37143,44402
1987,37145,41581
1988,37147,45169
1989,37149,48125
1990,37151,41231
1991,37153,38554
1992,37155,33062
1993,37157,40672
1994,37159,43724
1995,37161,36714
1996,37163,38165
1997,37165,36247
1998,37167,42613
1999,37169,41186
2000,37171,42133
2001,37173,44213
2002,37175,44747
2003,37177,37638
2004,37179,56820
2005,37181,37774
2006,37183,65450
2007,37185,33779
2008,37187,39912
2009,37189,40157
2010,37191,42882
2011,37193,39518
2012,37195,43111
2013,37197,41250
2014,37199,40422
2015,38001,59255
2016,38003,64242
2017,38005,45003
2018,38007,82466
2019,38009,68631
2020,38011,68963
2021,38013,77237
2022,38015,62801
2023,38017,61899
2024,38019,88702
2025,38021,71888
2026,38023,62052
2027,38025,68491
2028,38027,74844
2029,38029,64430
2030,38031,76313
2031,38033,46435
2032,38035,57659
2033,38037,57761
2034,38039,73753
2035,38041,59519
2036,38043,64918
2037,38045,70351
2038,38047,59859
2039,38049,59320
2040,38051,70812
2041,38053,64035
2042,38055,66025
2043,38057,60497
2044,38059,57708
2045,38061,64982
2046,38063,75907
2047,38065,52076
2048,38067,72827
2049,38069,57159
2050,38071,57250
2051,38073,65153
2052,38075,80431
2053,38077,54465
2054,38079,41884
2055,38081,67215
2056,38083,58958
2057,38085,33675
2058,38087,60039
2059,38089,63650
2060,38091,84674
2061,38093,62694
2062,38095,87632
2063,38097,64096
2064,38099,63790
2065,38101,57492
2066,38103,79403
2067,38105,64850
2068,39001,39658
2069,39003,46500
2070,39005,43041
2071,39007,43597
2072,39009,36642
2073,39011,52330
2074,39013,43354
2075,39015,42275
2076,39017,52598
2077,39019,44624
2078,39021,46605
2079,39023,45363
2080,39025,60535
2081,39027,48542
2082,39029,42771
2083,39031,39640
2084,39033,43918
2085,39035,59923
2086,39037,48088
2087,39039,45385
2088,39041,79382
2089,39043,56732
2090,39045,51153
2091,39047,46261
2092,39049,55294
2093,39051,50349
2094,39053,43932
2095,39055,73958
2096,39057,54645
2097,39059,45218
2098,39061,65035
2099,39063,54386
2100,39065,36506
2101,39067,42014
2102,39069,50752
2103,39071,41094
2104,39073,42337
2105,39075,48118
2106,39077,45844
2107,39079,40663
2108,39081,44375
2109,39083,47964
2110,39085,56085
2111,39087,42905
2112,39089,50810
2113,39091,48471
2114,39093,51157
2115,39095,51024
2116,39097,46679
2117,39099,47729
2118,39101,41449
2119,39103,60514
2120,39105,39644
2121,39107,54527
2122,39109,52469
2123,39111,41242
2124,39113,51618
2125,39115,38583
2126,39117,44282
2127,39119,46070
2128,39121,30397
2129,39123,57446
2130,39125,46097
2131,39127,41913
2132,39129,46033
2133,39131,42774
2134,39133,48285
2135,39135,45016
2136,39137,54646
2137,39139,43928
2138,39141,42348
2139,39143,46113
2140,39145,43820
2141,39147,44993
2142,39149,49956
2143,39151,49592
2144,39153,56821
2145,39155,45142
2146,39157,47937
2147,39159,64147
2148,39161,47339
2149,39163,38881
2150,39165,65855
2151,39167,47365
2152,39169,49901
2153,39171,46040
2154,39173,51147
2155,39175,50573
2156,40001,32724
2157,40003,43043
2158,40005,34758
2159,40007,57190
2160,40009,41041
2161,40011,44435
2162,40013,37561
2163,40015,39673
2164,40017,48267
2165,40019,45874
2166,40021,35764
2167,40023,35627
2168,40025,68446
2169,40027,48042
2170,40029,38938
2171,40031,45432
2172,40033,47794
2173,40035,41477
2174,40037,44706
2175,40039,43373
2176,40041,35435
2177,40043,51656
2178,40045,55592
2179,40047,46702
2180,40049,42189
2181,40051,43506
2182,40053,53075
2183,40055,32547
2184,40057,45688
2185,40059,50223
2186,40061,33617
2187,40063,43758
2188,40065,46426
2189,40067,37467
2190,40069,38971
2191,40071,44718
2192,40073,58591
2193,40075,40736
2194,40077,35756
2195,40079,35362
2196,40081,39164
2197,40083,46102
2198,40085,40353
2199,40087,49683
2200,40089,35511
2201,40091,38217
2202,40093,45667
2203,40095,36800
2204,40097,39149
2205,40099,45419
2206,40101,39894
2207,40103,47378
2208,40105,39961
2209,40107,33520
2210,40109,56971
2211,40111,37367
2212,40113,38588
2213,40115,40876
2214,40117,39491
2215,40119,40487
2216,40121,40786
2217,40123,47748
2218,40125,40043
2219,40127,35650
2220,40129,46054
2221,40131,50583
2222,40133,37463
2223,40135,36537
2224,40137,46027
2225,40139,55434
2226,40141,38316
2227,40143,65519
2228,40145,43111
2229,40147,58010
2230,40149,38017
2231,40151,47226
2232,40153,40710
2233,41001,46277
2234,41003,50399
2235,41005,64791
2236,41007,48777
2237,41009,48749
2238,41011,50581
2239,41013,46179
2240,41015,48046
2241,41017,61216
2242,41019,46342
2243,41021,67754
2244,41023,47569
2245,41025,47009
2246,41027,60225
2247,41029,51824
2248,41031,39552
2249,41033,46913
2250,41035,44513
2251,41037,47402
2252,41039,49583
2253,41041,47231
2254,41043,48040
2255,41045,37964
2256,41047,48135
2257,41049,58541
2258,41051,63852
2259,41053,45660
2260,41055,66349
2261,41057,48060
2262,41059,46209
2263,41061,45242
2264,41063,50303
2265,41065,48643
2266,41067,66831
2267,41069,41366
2268,41071,51028
2269,42001,54172
2270,42003,68777
2271,42005,51200
2272,42007,55449
2273,42009,46246
2274,42011,55953
2275,42013,52096
2276,42015,45979
2277,42017,80627
2278,42019,64732
2279,42021,48637
2280,42023,53654
2281,42025,56868
2282,42027,50615
2283,42029,91927
2284,42031,45427
2285,42033,50648
2286,42035,46338
2287,42037,47464
2288,42039,46356
2289,42041,61596
2290,42043,56792
2291,42045,73588
2292,42047,53592
2293,42049,50536
2294,42051,48007
2295,42053,28271
2296,42055,51979
2297,42057,48976
2298,42059,49103
2299,42061,43555
2300,42063,44472
2301,42065,48971
2302,42067,50257
2303,42069,52580
2304,42071,58434
2305,42073,49059
2306,42075,52743
2307,42077,58402
2308,42079,50391
2309,42081,48721
2310,42083,47361
2311,42085,47063
2312,42087,44242
2313,42089,48409
2314,42091,86340
2315,42093,62658
2316,42095,60179
2317,42097,47336
2318,42099,50095
2319,42101,58941
2320,42103,53289
2321,42105,47910
2322,42107,47425
2323,42109,47000
2324,42111,47035
2325,42113,51266
2326,42115,49114
2327,42117,45319
2328,42119,45235
2329,42121,47125
2330,42123,46793
2331,42125,62473
2332,42127,49172
2333,42129,57951
2334,42131,50959
2335,42133,55761
2336,44001,83127
2337,44003,65299
2338,44005,76214
2339,44007,53844
2340,44009,71717
2341,45001,38033
2342,45003,47118
2343,45005,38991
2344,45007,43459
2345,45009,37596
2346,45011,38682
2347,45013,61298
2348,45015,44134
2349,45017,44655
2350,45019,66656
2351,45021,36567
2352,45023,38931
2353,45025,34477
2354,45027,38001
2355,45029,40336
2356,45031,41928
2357,45033,33030
2358,45035,42662
2359,45037,41178
2360,45039,41827
2361,45041,46749
2362,45043,51775
2363,45045,52213
2364,45047,40786
2365,45049,39185
2366,45051,42110
2367,45053,34446
2368,45055,45782
2369,45057,52999
2370,45059,38108
2371,45061,36638
2372,45063,50188
2373,45065,42422
2374,45067,36606
2375,45069,35748
2376,45071,41910
2377,45073,47511
2378,45075,38730
2379,45077,41770
2380,45079,49678
2381,45081,37637
2382,45083,46543
2383,45085,43003
2384,45087,37515
2385,45089,38528
2386,45091,51772
2387,46003,50586
2388,46005,54493
2389,46007,41856
2390,46009,43555
2391,46011,49278
2392,46013,62587
2393,46015,54352
2394,46017,26748
2395,46019,41250
2396,46021,71645
2397,46023,47405
2398,46025,70492
2399,46027,43533
2400,46029,55331
2401,46031,31442
2402,46033,53169
2403,46035,55832
2404,46037,64064
2405,46039,62036
2406,46041,45889
2407,46043,62134
2408,46045,67747
2409,46047,51509
2410,46049,67007
2411,46051,65019
2412,46053,50244
2413,46055,66588
2414,46057,51773
2415,46059,69452
2416,46061,72728
2417,46063,50355
2418,46065,55872
2419,46067,59341
2420,46069,64756
2421,46071,30705
2422,46073,49991
2423,46075,59264
2424,46077,70268
2425,46079,57367
2426,46081,55779
2427,46083,74493
2428,46085,46934
2429,46087,60576
2430,46089,60086
2431,46091,65540
2432,46093,49875
2433,46095,33840
2434,46097,65604
2435,46099,64846
2436,46101,60754
2437,46102,29721
2438,46103,56496
2439,46105,48591
2440,46107,87915
2441,46109,46059
2442,46111,61709
2443,46115,71321
2444,46117,60870
2445,46119,100301
2446,46121,28440
2447,46123,56765
2448,46125,69250
2449,46127,123000
2450,46129,54033
2451,46135,55638
2452,46137,26103
2453,47001,46225
2454,47003,41795
2455,47005,36438
2456,47007,29572
2457,47009,48601
2458,47011,42546
2459,47013,37229
2460,47015,39178
2461,47017,38461
2462,47019,36431
2463,47021,48180
2464,47023,38107
2465,47025,38347
2466,47027,34456
2467,47029,36279
2468,47031,42990
2469,47033,42410
2470,47035,40087
2471,47037,71659
2472,47039,44401
2473,47041,42229
2474,47043,44476
2475,47045,44761
2476,47047,59214
2477,47049,36398
2478,47051,42890
2479,47053,41846
2480,47055,41074
2481,47057,37480
2482,47059,39310
2483,47061,36129
2484,47063,40627
2485,47065,55911
2486,47067,31243
2487,47069,33036
2488,47071,43171
2489,47073,37460
2490,47075,37669
2491,47077,39940
2492,47079,44075
2493,47081,36316
2494,47083,36777
2495,47085,41569
2496,47087,34645
2497,47089,40493
2498,47091,35745
2499,47093,54642
2500,47095,25921
2501,47097,35267
2502,47099,37918
2503,47101,38830
2504,47103,45271
2505,47105,53519
2506,47107,39986
2507,47109,35687
2508,47111,35472
2509,47113,46574
2510,47115,42471
2511,47117,42427
2512,47119,47100
2513,47121,37539
2514,47123,37822
2515,47125,45871
2516,47127,44085
2517,47129,33373
2518,47131,45152
2519,47133,37105
2520,47135,37130
2521,47137,40804
2522,47139,36639
2523,47141,42722
2524,47143,38408
2525,47145,44706
2526,47147,46746
2527,47149,45374
2528,47151,33425
2529,47153,42009
2530,47155,44209
2531,47157,53855
2532,47159,42452
2533,47161,44108
2534,47163,45789
2535,47165,52403
2536,47167,43147
2537,47169,32960
2538,47171,39357
2539,47173,35370
2540,47175,34084
2541,47177,37857
2542,47179,47940
2543,47181,32631
2544,47183,41159
2545,47185,36062
2546,47187,94748
2547,47189,53628
2548,48001,38807
2549,48003,50248
2550,48005,42536
2551,48007,54374
2552,48009,55290
2553,48011,60233
2554,48013,41599
2555,48015,55686
2556,48017,49737
2557,48019,48461
2558,48021,42177
2559,48023,53984
2560,48025,31834
2561,48027,46594
2562,48029,48569
2563,48031,58805
2564,48033,66783
2565,48035,45635
2566,48037,44151
2567,48039,51812
2568,48041,43430
2569,48043,52483
2570,48045,45758
2571,48047,41529
2572,48049,42771
2573,48051,49975
2574,48053,53751
2575,48055,38734
2576,48057,52180
2577,48059,45798
2578,48061,33690
2579,48063,40272
2580,48065,48021
2581,48067,41275
2582,48069,71612
2583,48071,59687
2584,48073,38190
2585,48075,34028
2586,48077,48038
2587,48079,44903
2588,48081,45856
2589,48083,47128
2590,48085,71246
2591,48087,44903
2592,48089,51732
2593,48091,62994
2594,48093,47959
2595,48095,41219
2596,48097,54759
2597,48099,38222
2598,48101,68268
2599,48103,49749
2600,48105,46364
2601,48107,41146
2602,48109,69350
2603,48111,65132
2604,48113,65401
2605,48115,42595
2606,48117,54950
2607,48119,43628
2608,48121,63283
2609,48123,60890
2610,48125,38730
2611,48127,44874
2612,48129,45336
2613,48131,42410
2614,48133,65416
2615,48135,49887
2616,48137,55329
2617,48139,49333
2618,48141,41818
2619,48143,43900
2620,48145,39865
2621,48147,42562
2622,48149,57962
2623,48151,49100
2624,48153,42627
2625,48155,52630
2626,48157,61791
2627,48159,44725
2628,48161,40407
2629,48163,33407
2630,48165,47826
2631,48167,57941
2632,48169,31223
2633,48171,68885
2634,48173,87334
2635,48175,49513
2636,48177,47272
2637,48179,45091
2638,48181,47045
2639,48183,49152
2640,48185,39033
2641,48187,49405
2642,48189,38674
2643,48191,35416
2644,48193,65685
2645,48195,66588
2646,48197,45863
2647,48199,49159
2648,48201,60183
2649,48203,45396
2650,48205,76005
2651,48207,46070
2652,48209,50212
2653,48211,61340
2654,48213,43356
2655,48215,31153
2656,48217,44776
2657,48219,46051
2658,48221,55132
2659,48223,45219
2660,48225,44693
2661,48227,45105
2662,48229,26835
2663,48231,42819
2664,48233,46860
2665,48235,72353
2666,48237,41038
2667,48239,47642
2668,48241,43486
2669,48243,48623
2670,48245,46547
2671,48247,36847
2672,48249,46483
2673,48251,47654
2674,48253,35520
2675,48255,61330
2676,48257,47580
2677,48259,84853
2678,48261,46296
2679,48263,51139
2680,48265,56093
2681,48267,48071
2682,48269,81541
2683,48271,35119
2684,48273,43560
2685,48275,42857
2686,48277,46538
2687,48279,50667
2688,48281,54153
2689,48283,41114
2690,48285,57399
2691,48287,53791
2692,48289,42878
2693,48291,40904
2694,48293,41072
2695,48295,83655
2696,48297,38734
2697,48299,52538
2698,48301,49072
2699,48303,46502
2700,48305,40351
2701,48307,41306
2702,48309,45772
2703,48311,73356
2704,48313,35865
2705,48315,42536
2706,48317,64602
2707,48319,49261
2708,48321,48150
2709,48323,35133
2710,48325,44456
2711,48327,41220
2712,48329,126631
2713,48331,40552
2714,48333,45663
2715,48335,37113
2716,48337,44790
2717,48339,65516
2718,48341,51476
2719,48343,43036
2720,48345,39505
2721,48347,41188
2722,48349,42869
2723,48351,36839
2724,48353,48017
2725,48355,47999
2726,48357,59892
2727,48359,56033
2728,48361,48173
2729,48363,45095
2730,48365,47191
2731,48367,59929
2732,48369,57137
2733,48371,40391
2734,48373,42830
2735,48375,49498
2736,48377,53222
2737,48379,38200
2738,48381,52391
2739,48383,54091
2740,48385,40667
2741,48387,47762
2742,48389,44232
2743,48391,48266
2744,48393,52804
2745,48395,45866
2746,48397,64943
2747,48399,44352
2748,48401,39551
2749,48403,40477
2750,48405,43642
2751,48407,39298
2752,48409,48391
2753,48411,40340
2754,48413,46015
2755,48415,47272
2756,48417,86294
2757,48419,44038
2758,48421,91855
2759,48423,57076
2760,48425,50164
2761,48427,32146
2762,48429,45759
2763,48431,63329
2764,48433,59419
2765,48435,56622
2766,48437,53734
2767,48439,55615
2768,48441,52429
2769,48443,61631
2770,48445,41634
2771,48447,44582
2772,48449,41207
2773,48451,52947
2774,48453,74032
2775,48455,39206
2776,48457,36694
2777,48459,39674
2778,48461,50428
2779,48463,45255
2780,48465,41079
2781,48467,42656
2782,48469,53881
2783,48471,32334
2784,48473,44779
2785,48475,48109
2786,48477,58426
2787,48479,35626
2788,48481,48384
2789,48483,48691
2790,48485,46322
2791,48487,49537
2792,48489,31710
2793,48491,56693
2794,48493,49745
2795,48495,62259
2796,48497,48435
2797,48499,42978
2798,48501,44395
2799,48503,53227
2800,48505,28981
2801,48507,33303
2802,49001,41667
2803,49003,44131
2804,49005,44947
2805,49007,42459
2806,49009,48761
2807,49011,51852
2808,49013,40780
2809,49015,38057
2810,49017,44411
2811,49019,60928
2812,49021,36412
2813,49023,42531
2814,49025,45074
2815,49027,41843
2816,49029,58631
2817,49031,48595
2818,49033,42762
2819,49035,59077
2820,49037,30198
2821,49039,32927
2822,49041,39383
2823,49043,156537
2824,49045,41301
2825,49047,32945
2826,49049,46465
2827,49051,61653
2828,49053,43782
2829,49055,46145
2830,49057,46675
2831,50001,55981
2832,50003,59131
2833,50005,48094
2834,50007,64605
2835,50009,44173
2836,50011,52181
2837,50013,64231
2838,50015,59635
2839,50017,53146
2840,50019,49998
2841,50021,57283
2842,50023,64997
2843,50025,56610
2844,50027,63786
2845,51001,53762
2846,51007,46780
2847,51009,40293
2848,51011,41750
2849,51013,100823
2850,51017,70050
2851,51019,49457
2852,51021,39609
2853,51023,53767
2854,51025,36499
2855,51027,38969
2856,51029,33425
2857,51033,46682
2858,51036,51498
2859,51037,38547
2860,51041,58069
2861,51043,69117
2862,51045,41988
2863,51047,50509
2864,51049,41225
2865,51051,37046
2866,51057,46657
2867,51061,74801
2868,51063,42304
2869,51065,48440
2870,51067,44821
2871,51071,43561
2872,51073,53341
2873,51075,105619
2874,51077,35093
2875,51079,48573
2876,51083,40542
2877,51085,64704
2878,51087,69872
2879,51091,46315
2880,51093,59285
2881,51097,48888
2882,51099,57377
2883,51101,50951
2884,51103,63885
2885,51105,33056
2886,51107,84374
2887,51109,46040
2888,51111,35793
2889,51113,51608
2890,51115,59026
2891,51117,40693
2892,51119,55466
2893,51125,55869
2894,51127,77957
2895,51131,62614
2896,51133,57093
2897,51135,38594
2898,51137,53217
2899,51139,42307
2900,51141,36426
2901,51145,61547
2902,51147,33868
2903,51155,43583
2904,51157,70807
2905,51159,40791
2906,51167,36423
2907,51169,35882
2908,51171,49948
2909,51173,40220
2910,51179,58635
2911,51181,47927
2912,51183,35062
2913,51185,39795
2914,51187,50504
2915,51193,48577
2916,51197,39116
2917,51510,93835
2918,51550,53622
2919,51650,46165
2920,51700,45781
2921,51710,42996
2922,51740,44871
2923,51760,59148
2924,51770,46727
2925,51800,55561
2926,51810,60796
2927,51901,77606
2928,51903,43230
2929,51907,47794
2930,51911,41030
2931,51913,38908
2932,51918,44938
2933,51919,88971
2934,51921,54832
2935,51923,36450
2936,51929,43380
2937,51931,68279
2938,51933,39442
2939,51939,42121
2940,51941,41732
2941,51942,59812
2942,51944,54977
2943,51945,43534
2944,51947,43232
2945,51949,46909
2946,51951,55077
2947,51953,42796
2948,51955,35929
2949,51958,62645
2950,53001,49618
2951,53003,49273
2952,53005,51757
2953,53007,60518
2954,53009,49718
2955,53011,57863
2956,53013,57249
2957,53015,48232
2958,53017,45305
2959,53019,39899
2960,53021,43271
2961,53023,57967
2962,53025,48468
2963,53027,43710
2964,53029,59200
2965,53031,56585
2966,53033,96647
2967,53035,60704
2968,53037,45267
2969,53039,51973
2970,53041,47752
2971,53043,50851
2972,53045,45901
2973,53047,47535
2974,53049,43749
2975,53051,46571
2976,53053,56532
2977,53055,81858
2978,53057,57315
2979,53059,49519
2980,53061,62267
2981,53063,50038
2982,53065,42740
2983,53067,56007
2984,53069,47027
2985,53071,51767
2986,53073,52787
2987,53075,44628
2988,53077,49099
2989,54001,35878
2990,54003,45610
2991,54005,39493
2992,54007,34972
2993,54009,49579
2994,54011,46805
2995,54013,34734
2996,54015,35702
2997,54017,32085
2998,54019,38680
2999,54021,31020
3000,54023,40571
3001,54025,40759
3002,54027,39802
3003,54029,47007
3004,54031,38269
3005,54033,52124
3006,54035,41622
3007,54037,54836
3008,54039,52969
3009,54041,43634
3010,54043,35309
3011,54045,41110
3012,54047,34918
3013,54049,45684
3014,54051,44092
3015,54053,37641
3016,54055,41372
3017,54057,45193
3018,54059,35115
3019,54061,48802
3020,54063,35005
3021,54065,39311
3022,54067,37492
3023,54069,61452
3024,54071,40054
3025,54073,46074
3026,54075,43810
3027,54077,40563
3028,54079,50363
3029,54081,45356
3030,54083,41194
3031,54085,42068
3032,54087,40224
3033,54089,37181
3034,54091,43460
3035,54093,47175
3036,54095,41195
3037,54097,37337
3038,54099,37566
3039,54101,33320
3040,54103,38428
3041,54105,35205
3042,54107,48566
3043,54109,33534
3044,55001,44159
3045,55003,44520
3046,55005,53179
3047,55007,53369
3048,55009,56093
3049,55011,50518
3050,55013,48574
3051,55015,55460
3052,55017,50639
3053,55019,46154
3054,55021,56134
3055,55023,46113
3056,55025,66094
3057,55027,48547
3058,55029,66516
3059,55031,45962
3060,55033,44626
3061,55035,52141
3062,55037,56604
3063,55039,52813
3064,55041,44657
3065,55043,49410
3066,55045,56620
3067,55047,47898
3068,55049,53603
3069,55051,53164
3070,55053,49528
3071,55055,49591
3072,55057,42620
3073,55059,51229
3074,55061,52638
3075,55063,54532
3076,55065,48891
3077,55067,48036
3078,55069,50216
3079,55071,50829
3080,55073,55136
3081,55075,49557
3082,55077,45391
3083,55078,35082
3084,55079,51002
3085,55081,45741
3086,55083,50060
3087,55085,54861
3088,55087,54862
3089,55089,87395
3090,55091,54316
3091,55093,48775
3092,55095,50730
3093,55097,49815
3094,55099,49837
3095,55101,53094
3096,55103,48516
3097,55105,48836
3098,55107,48292
3099,55109,59602
3100,55111,55166
3101,55113,50276
3102,55115,47067
3103,55117,55616
3104,55119,46070
3105,55121,48324
3106,55123,44976
3107,55125,55140
3108,55127,53546
3109,55129,52457
3110,55131,62506
3111,55133,75958
3112,55135,49711
3113,55137,44594
3114,55139,50840
3115,55141,50929
3116,55901,(NA)
3117,56001,43148
3118,56003,43939
3119,56005,53932
3120,56007,59028
3121,56009,64373
3122,56011,47752
3123,56013,48350
3124,56015,44562
3125,56017,67005
3126,56019,56748
3127,56021,55094
3128,56023,48449
3129,56025,68447
3130,56027,55291
3131,56029,59827
3132,56031,52359
3133,56033,61543
3134,56035,54496
3135,56037,54000
3136,56039,220645
3137,56041,42854
3138,56043,54361
3139,56045,47599
