,st,GeoFips,county_name,pcp_count
0,FL,12086,Miami-Dade,13619
12,PR,72027,Camuy,20
32,CA,06025,Imperial,236
101,OK,40109,Oklahoma,2914
108,OH,39115,Morgan,19
557,CO,08059,Jefferson,1459
648,TX,48439,Tarrant,4619
750,CO,08031,Denver,2324
795,DC,11001,District of Columbia,2645
953,TX,48113,Dallas,6554
1067,CA,06037,Los Angeles,18526
1090,FL,12099,Palm Beach,4005
1340,KS,20091,Johnson,2483
1537,NY,36081,Queens,3586
1558,FL,12111,St. Lucie,640
1772,IN,18163,Vanderburgh,808
1880,MI,26163,Wayne,5045
1889,CA,06085,Santa Clara,4342
1967,PR,72021,Bayamón,200
2027,KY,21047,Christian,180
2339,MD,24033,Prince George's,2888
2525,VA,51810,Virginia Beach,1058
2548,NY,36061,New York,8657
2651,NJ,34031,Passaic,706
2655,AZ,04027,Yuma,363
2937,TX,48201,Harris,12445
3041,FL,12127,Volusia,1336
3211,FL,12011,Broward,4725
3866,FL,12115,Sarasota,1488
4163,NC,37125,Moore,496
4333,GA,13135,Gwinnett,1516
4392,NY,36059,Nassau,9091
4916,PR,72031,Carolina,87
4944,IA,19061,Dubuque,305
5179,VA,51107,Loudoun,1271
5398,NC,37183,Wake,4342
5420,MS,28151,Washington,73
5472,PA,42017,Bucks,1806
5505,MS,28149,Warren,93
5563,TX,48183,Gregg,426
5758,CO,08041,El Paso,2523
6358,CA,06065,Riverside,3271
6468,FL,12081,Manatee,750
6607,TX,48453,Travis,3764
6915,AL,01089,Madison,1063
6921,CA,06061,Placer,757
6967,OH,39049,Franklin,6620
6981,CT,09015,Windham,262
6992,CA,06013,Contra Costa,1856
7009,MD,24005,Baltimore,3629
7196,PR,72025,Caguas,196
7381,MI,26125,Oakland,5087
7476,MO,29189,St. Louis,3885
7502,TN,47059,Greene,171
7753,CA,06071,San Bernardino,3282
8386,WA,53067,Thurston,847
8487,HI,15009,Maui,311
8521,GA,13089,DeKalb,1908
8571,TX,48121,Denton,1304
9033,NY,36103,Suffolk,4396
9058,PA,42045,Delaware,1477
9066,NY,36019,Clinton,254
9285,NC,37179,Union,375
9778,NV,32003,Clark,4311
9938,NJ,34011,Cumberland,263
10037,MS,28059,Jackson,377
10796,FL,12095,Orange,4127
10879,PR,72097,Mayagüez,135
10901,FL,72097,Mayagüez,135
11002,GA,13031,Bulloch,135
11154,IL,17043,DuPage,4248
11461,MD,24031,Montgomery,3065
11582,CA,06059,Orange,6207
12167,GA,13151,Henry,453
12228,TX,48481,Wharton,51
12267,MO,29019,Boone,467
12512,MD,24510,Baltimore,3107
13080,IL,17031,Cook,16124
14458,NY,36047,Kings,3641
14537,NY,36055,Monroe,3772
14539,NJ,34013,Essex,1540
14586,PA,42079,Luzerne,966
14788,VA,51041,Chesterfield,957
14939,PR,72127,San Juan,368
15162,NJ,34003,Bergen,2169
15542,VA,51165,Rockingham,28
15546,MI,26049,Genesee,1106
16052,PR,72013,Arecibo,80
16126,AZ,04013,Maricopa,13326
17157,IN,18073,Jasper,74
17432,PR,72043,Coamo,11
17727,VA,51061,Fauquier,95
18163,MD,24045,Wicomico,393
18349,TN,47149,Rutherford,765
18476,MI,26139,Ottawa,615
18497,NC,37051,Cumberland,582
18501,IA,19033,Cerro Gordo,360
18842,NJ,34023,Middlesex,1868
18877,TX,48479,Webb,279
19042,MI,26037,Clinton,109
19092,VI,78010,St. Croix,87
19164,PR,72125,San Germán,32
19669,TX,48423,Smith,1961
21064,AR,05143,Washington,647
21080,MO,29165,Platte,166
21135,CA,06075,San Francisco,2072
21298,CA,06073,San Diego,7408
21413,OK,40143,Tulsa,2210
21900,AL,01097,Mobile,1272
22892,LA,22105,Tangipahoa,412
23128,CA,06031,Kings,179
23303,OH,39155,Trumbull,313
23309,TN,47145,Roane,90
23394,NY,36085,Richmond,871
23483,ME,23003,Aroostook,341
23975,CA,06095,Solano,1005
24494,AR,05049,Fulton,24
25198,MS,28083,Leflore,70
25268,NJ,34025,Monmouth,1843
25312,NC,37147,Pitt,796
25344,NY,36005,Bronx,2488
25372,CA,06053,Monterey,557
26387,NE,31055,Douglas,2036
26827,GA,13215,Muscogee,640
27041,MS,28089,Madison,350
27155,FL,06037,Los Angeles,18526
27185,FL,12107,Putnam,153
27287,OH,39147,Seneca,85
27364,CT,09003,Hartford,3509
27377,NJ,34017,Hudson,894
28711,MN,27007,Beltrami,145
29182,IN,18089,Lake,1461
29341,MA,25001,Barnstable,994
30598,GA,13067,Cobb,2536
30647,IL,17091,Kankakee,298
30755,WI,55089,Ozaukee,694
31434,IL,17179,Tazewell,169
31721,SC,45051,Horry,1188
31741,VA,51059,Fairfax,3301
31804,AK,02170,Matanuska-Susitna,289
32120,SC,45067,Marion,27
32272,FL,12109,St. Johns,453
32330,IL,17097,Lake,3023
32950,MD,24017,Charles,624
33173,MA,25017,Middlesex,3873
33532,TX,48245,Jefferson,572
33743,CA,06111,Ventura,1534
34347,NH,33015,Rockingham,1127
34351,CA,06107,Tulare,615
35561,FL,12071,Lee,2528
36269,PR,72153,Yauco,26
36295,FL,12103,Pinellas,2765
36342,TX,48215,Hidalgo,1183
36567,PA,42101,Philadelphia,5875
36805,GA,13185,Lowndes,284
37368,NC,37081,Guilford,1779
37409,FL,12101,Pasco,1494
37423,LA,22103,St. Tammany,785
37804,CA,06029,Kern,1502
38384,TN,47177,Warren,98
38468,TX,48213,Henderson,120
38469,TX,48469,Victoria,236
38971,PR,72113,Ponce,199
39139,HI,15003,Honolulu,2097
39170,IN,18105,Monroe,846
39195,LA,22001,Acadia,108
39206,WA,53033,King,7559
39247,VA,51185,Tazewell,141
39489,VA,51570,Colonial Heights,88
39577,SC,45013,Beaufort,547
39672,MA,25021,Norfolk,2960
40009,NC,37129,New Hanover,1369
40249,GA,13237,Putnam,31
40312,OK,40071,Kay,124
40413,NY,36119,Westchester,2706
40633,TN,47157,Shelby,2607
41449,MI,26017,Bay,235
41617,NJ,34001,Atlantic,837
41679,NY,36029,Erie,3531
41801,FL,12015,Charlotte,669
42105,CO,08035,Douglas,837
42296,NY,36105,Sullivan,251
42332,GA,13115,Floyd,759
42467,TN,47111,Macon,29
42493,PR,72069,Humacao,44
42537,OH,39153,Summit,2134
42561,TX,48407,San Jacinto,4
48304,PA,42025,Carbon,221
48362,MI,26111,Midland,185
48833,OK,40027,Cleveland,532
48878,FL,12009,Brevard,1364
49044,TX,48321,Matagorda,70
49228,NY,36065,Oneida,642
49259,CA,06067,Sacramento,2900
50123,TX,48061,Cameron,523
50128,MI,26147,St. Clair,307
50475,FL,12069,Lake,1116
50902,GA,13305,Wayne,64
50961,AL,01127,Walker,127
51075,WA,53053,Pierce,3843
51295,FL,12005,Bay,471
51574,WV,54035,Jackson,70
51787,PA,42129,Westmoreland,1204
52136,VA,51087,Henrico,910
52342,VA,51730,Petersburg,65
53092,SC,45073,Oconee,122
53152,VA,51167,Russell,93
53165,NM,35045,San Juan,304
53386,CA,06079,San Luis Obispo,441
53456,OK,40031,Comanche,260
53673,MA,25027,Worcester,2244
54111,PR,72009,Aibonito,57
54168,TX,48157,Fort Bend,1594
54362,CO,08101,Pueblo,553
54485,NC,37085,Harnett,181
54580,FL,12057,Hillsborough,4923
55347,PR,72081,Lares,19
55360,MA,25023,Plymouth,1352
55780,TX,48171,Gillespie,65
56504,TX,48445,Terry,16
56520,ID,16077,Power,7
56925,OH,39099,Mahoning,862
57861,VT,50003,Bennington,203
58064,KY,21065,Estill,23
58087,CO,08005,Arapahoe,2357
58567,PR,72133,Santa Isabel,8
58575,NC,37133,Onslow,345
58583,MO,29095,Jackson,2408
58594,TX,48357,Ochiltree,11
58808,VT,50025,Windham,182
58925,CA,06041,Marin,281
59250,CA,06019,Fresno,1397
59275,PA,42097,Northumberland,204
59360,LA,22097,St. Landry,214
59551,VI,78030,St. Thomas,40
59591,HI,15007,Kauai,146
59660,CT,09001,Fairfield,2982
59904,FL,12105,Polk,1332
59912,GA,13113,Fayette,549
60235,MT,30029,Flathead,515
60655,CO,08083,Montezuma,103
60925,NY,36091,Saratoga,795
61574,NJ,34005,Burlington,1397
62330,NC,37067,Forsyth,1656
63130,AR,05031,Craighead,532
64724,CT,09013,Tolland,478
64743,AZ,04019,Pima,3362
64987,RI,44003,Kent,653
65029,PA,42037,Columbia,184
65089,PA,42077,Lehigh,2411
65144,FL,12021,Collier,1164
65188,SC,45047,Greenwood,247
65230,PR,72121,Sabana Grande,17
65649,VT,50007,Chittenden,820
65686,FL,12031,Duval,3834
66234,AL,01071,Jackson,95
66284,MT,30063,Missoula,561
66371,OR,41051,Multnomah,3657
66857,WA,53003,Asotin,52
66961,IN,18129,Posey,10
66963,NM,35001,Bernalillo,2330
67236,ID,16069,Nez Perce,152
67461,MN,27061,Itasca,165
67575,NV,32031,Washoe,1187
67703,AK,02090,Fairbanks North Star,238
67704,TX,48029,Bexar,4781
68168,UT,49011,Davis,761
68495,NC,37119,Mecklenburg,5130
68655,ID,16019,Bonneville,427
69344,TX,48355,Nueces,775
69548,TX,48441,Taylor,510
72129,TN,47187,Williamson,1232
72772,VA,51153,Prince William,795
77188,MT,30093,Silver Bow,128
77610,TX,48085,Collin,2492
77817,TN,47037,Davidson,2601
77889,NJ,34039,Union,1104
77987,LA,22017,Caddo,1197
78485,NE,31109,Lancaster,1096
78737,AR,05045,Faulkner,297
78881,IN,18019,Clark,374
79119,OR,41017,Deschutes,878
79671,AL,01073,Jefferson,2600
79989,AR,05055,Greene,131
80893,PA,42011,Berks,1265
81092,GA,13139,Hall,858
82129,UT,49035,Salt Lake,2880
82700,AR,05005,Baxter,130
82830,PR,72003,Aguada,29
83419,GA,13121,Fulton,4128
83738,IA,19123,Mahaska,36
83974,AR,05119,Pulaski,1584
84033,IN,18173,Warrick,413
84705,MS,28081,Lee,522
85604,MA,25009,Essex,2379
85924,PA,42027,Centre,418
85953,GA,13223,Paulding,250
86105,CO,08013,Boulder,1076
86124,PR,72061,Guaynabo,30
86164,SC,45063,Lexington,1142
86373,CO,08107,Routt,93
86876,GA,13071,Colquitt,95
86961,OH,39151,Stark,888
87194,LA,22027,Claiborne,19
87212,MA,25025,Suffolk,6188
87286,MI,26057,Gratiot,236
87422,MS,28001,Adams,57
87894,PR,72041,Cidra,29
88246,AL,01101,Montgomery,686
88927,NM,35043,Sandoval,433
89431,IL,17089,Kane,964
89902,AK,02020,Anchorage,1052
90126,MI,26145,Saginaw,956
90769,IN,18053,Grant,412
91136,PA,42049,Erie,833
91180,TN,47017,Carroll,76
91766,NY,36025,Delaware,117
91776,AR,05131,Sebastian,517
93327,OR,41029,Jackson,738
93660,GA,13013,Barrow,63
93699,IL,17119,Madison,829
93730,PR,72037,Ceiba,5
93913,TX,48339,Montgomery,998
94288,WI,55137,Waushara,42
94528,TN,47141,Putnam,225
95817,NC,37175,Transylvania,101
95906,KY,21195,Pike,264
96379,LA,22055,Lafayette,832
96581,DE,10003,New Castle,2391
96656,OH,39109,Miami,306
97250,AR,05137,Stone,23
97273,WY,56037,Sweetwater,107
97373,IN,18131,Pulaski,26
97709,MS,28033,DeSoto,483
97740,TX,48241,Jasper,57
98185,OR,41067,Washington,1972
98765,TX,48375,Potter,525
99674,NJ,34029,Ocean,1085
99790,MI,26075,Jackson,580
99865,LA,22051,Jefferson,1679
100137,AL,01015,Calhoun,207
100228,GA,13075,Cook,17
100487,FL,12033,Escambia,1210
100768,NJ,34007,Camden,2344
101292,PR,72047,Corozal,22
101449,WA,53077,Yakima,659
101616,PR,72005,Aguadilla,33
101690,NJ,34021,Mercer,1165
101783,MS,28067,Jones,227
101998,NY,36037,Genesee,142
102831,MN,27089,Marshall,9
102840,NJ,34027,Morris,1571
102856,AR,05037,Cross,42
102886,OH,39085,Lake,552
103785,GA,13171,Lamar,8
105065,LA,22053,Jefferson Davis,76
105137,AK,02122,Kenai Peninsula,215
105175,TX,48471,Walker,55
105227,GA,13245,Richmond,894
106857,KY,21227,Warren,484
107548,CA,06099,Stanislaus,641
107612,WA,53061,Snohomish,2379
108060,NM,35051,Sierra,15
108061,NJ,34041,Warren,386
108168,KY,21111,Jefferson,3939
108408,NM,35025,Lea,74
108478,IN,18043,Floyd,330
110402,TN,47093,Knox,3136
110416,AL,47093,Knox,3136
110649,TX,48139,Ellis,258
110681,MT,30031,Gallatin,437
111016,TX,48291,Liberty,93
111606,IA,19113,Linn,850
111851,AL,01117,Shelby,367
112030,AL,01033,Colbert,232
112326,FL,12061,Indian River,507
112428,AL,01095,Marshall,167
112494,TX,48203,Harrison,38
112530,MO,29187,St. Francois,141
112670,MI,26099,Macomb,2086
112688,WI,55079,Milwaukee,5190
112747,AL,01003,Baldwin,444
112838,MN,27053,Hennepin,9882
113025,NJ,34035,Somerset,776
113117,TX,48099,Coryell,152
113244,NC,37011,Avery,38
114308,NY,36069,Ontario,629
114907,PR,72123,Salinas,13
114919,MS,28049,Hinds,1089
115470,AR,05069,Jefferson,124
115669,CO,08119,Teller,431
115670,KY,21007,Ballard,6
115671,LA,22061,Lincoln,95
116213,LA,22033,East Baton Rouge,1797
116410,ND,38015,Burleigh,459
116457,OR,41071,Yamhill,216
116672,TN,47065,Hamilton,1644
117547,GA,13217,Newton,123
117661,TN,47101,Lewis,35
119281,LA,22079,Rapides,479
119419,IA,19183,Washington,52
119422,OR,41047,Marion,1035
120951,TX,48347,Nacogdoches,140
121453,MT,30049,Lewis and Clark,229
121915,NC,37157,Rockingham,162
122049,IA,19169,Story,337
122977,TX,48037,Bowie,397
123839,TX,48501,Yoakum,8
123847,KY,21071,Floyd,207
124848,TX,48091,Comal,249
125223,WA,53005,Benton,756
125550,TX,48007,Aransas,33
125856,MO,29017,Bollinger,4
126423,OK,40125,Pottawatomie,132
127600,CA,06089,Shasta,284
127621,TX,48141,El Paso,1333
129648,UT,49053,Washington,438
129973,PR,72103,Naguabo,9
129982,PR,72053,Fajardo,41
130023,NC,37009,Ashe,45
130347,AL,01047,Dallas,49
130553,CO,08069,Larimer,1121
130571,MI,26065,Ingham,1214
130697,KY,21067,Fayette,1530
131208,VA,51510,Alexandria,302
132106,NC,37049,Craven,558
132733,KY,21013,Bell,91
132804,KS,20113,McPherson,75
132853,RI,44007,Providence,2241
133109,MI,26033,Chippewa,121
134601,OK,40079,Le Flore,120
134652,WA,53041,Lewis,177
134941,IA,19121,Madison,29
134970,TX,48021,Bastrop,163
135383,KS,20177,Shawnee,1009
135508,MD,24011,Caroline,41
135537,TX,48243,Jeff Davis,1
135538,MT,30027,Fergus,22
135560,OR,41005,Clackamas,1737
135641,AL,01011,Bullock,11
136055,KY,21073,Franklin,170
136320,VA,51740,Portsmouth,193
136432,IL,17029,Coles,299
136462,NC,37155,Robeson,322
136677,NC,37191,Wayne,223
136691,IN,18139,Rush,52
136692,NY,36087,Rockland,658
136761,PR,72054,Florida,10
136771,MI,26115,Monroe,279
137275,TN,47099,Lawrence,114
137387,IN,18167,Vigo,489
137631,FL,12097,Osceola,807
138360,TX,48005,Angelina,186
138385,NH,33011,Hillsborough,2026
138496,MD,24047,Worcester,284
138693,MI,26081,Kent,5442
139451,NC,37089,Henderson,398
139832,VA,51179,Stafford,213
140875,OH,39061,Hamilton,3261
140904,GA,13057,Cherokee,417
141289,FL,12001,Alachua,1784
141462,WY,56021,Laramie,275
142139,MS,28027,Coahoma,42
143034,OK,40153,Woodward,45
143079,TX,48485,Wichita,273
143198,FL,12055,Highlands,256
143208,PR,72077,Juncos,18
143226,MA,25011,Franklin,144
143229,MS,28107,Panola,82
143308,PA,42111,Somerset,175
143378,PA,42091,Montgomery,2410
143530,TX,48373,Polk,45
143574,MS,28011,Bolivar,68
143581,KS,20061,Geary,54
143780,MD,24003,Anne Arundel,1749
144518,CO,08037,Eagle,213
146069,AZ,04001,Apache,282
146087,NY,36063,Niagara,409
146244,MS,28085,Lincoln,87
146331,MD,24001,Allegany,376
147562,GA,13123,Gilmer,28
147857,TX,48361,Orange,62
148012,CT,09011,New London,617
148279,TN,47131,Obion,159
148478,PR,72057,Guayama,31
148509,DE,10005,Sussex,683
148795,CT,09009,New Haven,3175
148858,OH,39113,Montgomery,2727
148861,AL,01081,Lee,274
148943,OR,41035,Klamath,196
149176,IL,17081,Jefferson,230
149406,VT,50021,Rutland,265
150047,FL,12073,Leon,886
151023,NC,37101,Johnston,386
154131,FL,12083,Marion,901
154579,PR,72139,Trujillo Alto,14
155097,PA,42029,Chester,1374
155233,TX,48073,Cherokee,106
155407,OR,41045,Malheur,93
155659,FL,12117,Seminole,1310
155916,TX,48149,Fayette,34
156328,OK,40039,Custer,49
156395,ID,16001,Ada,3236
156872,TN,47035,Cumberland,108
157017,TX,48435,Sutton,8
157242,OR,41003,Benton,361
157245,CO,08085,Montrose,106
157346,TX,48181,Grayson,267
157508,KY,21019,Boyd,318
157795,CO,08077,Mesa,697
157967,MI,26043,Dickinson,181
158141,PR,72119,Río Grande,10
158151,PR,72091,Manatí,70
158242,MO,29159,Pettis,103
158433,MN,27109,Olmsted,596
158740,CA,06001,Alameda,2865
158994,OH,39093,Lorain,781
159708,IL,17027,Clinton,58
159909,ME,23027,Waldo,65
161639,IL,17051,Fayette,19
161658,CA,06081,San Mateo,1594
161820,TN,47047,Fayette,14
161896,AL,01029,Cleburne,11
161915,AZ,04025,Yavapai,648
162066,NM,35013,Doña Ana,522
162157,FL,12053,Hernando,596
162343,MO,29001,Adair,96
162439,MD,24043,Washington,506
162609,WV,54037,Jefferson,94
162636,MT,30053,Lincoln,54
163081,MO,29097,Jasper,468
163126,TX,48491,Williamson,1645
163925,IL,17183,Vermilion,125
164412,NM,35005,Chaves,118
164558,VA,51610,Falls Church,121
164732,AZ,04015,Mohave,485
164837,FL,12087,Monroe,197
164958,WV,54081,Raleigh,315
165785,CA,06083,Santa Barbara,833
167193,PR,72131,San Sebastián,48
167512,PR,72023,Cabo Rojo,26
167814,VA,51840,Winchester,481
168716,GA,13029,Bryan,45
169033,SC,45031,Darlington,81
169086,AL,01113,Russell,50
170196,MA,25013,Hampden,1665
170290,HI,15001,Hawaii,438
171233,NY,36043,Herkimer,95
171235,PR,72059,Guayanilla,11
171444,OR,41019,Douglas,299
171973,AR,05085,Lonoke,118
171988,KY,05085,Lonoke,118
172037,CA,06103,Tehama,49
172086,IN,18097,Marion,4674
172478,TX,48251,Johnson,306
172854,VA,51710,Norfolk,1137
172940,FL,12045,Gulf,23
172945,ME,23031,York,663
173070,WV,54033,Harrison,306
173189,KY,21051,Clay,123
173299,TN,47051,Franklin,114
173384,GA,13103,Effingham,110
173561,TX,48207,Haskell,15
173617,NE,31111,Lincoln,153
174090,AL,01055,Etowah,265
174448,IL,17161,Rock Island,519
175185,PA,42095,Northampton,2021
176268,PR,72099,Moca,21
176289,VA,51760,Richmond,1008
176316,PR,72135,Toa Alta,8
176324,GA,13117,Forsyth,349
176424,LA,22073,Ouachita,525
177764,NC,37035,Catawba,412
177950,NY,36001,Albany,1522
178256,NY,36073,Orleans,29
178713,UT,49007,Carbon,54
178812,AL,01009,Blount,41
179711,KY,21133,Letcher,76
179825,VA,51109,Louisa,30
179846,GA,13313,Whitfield,253
180339,LA,22015,Bossier,257
180370,NC,37025,Cabarrus,1255
181797,VA,51820,Waynesboro,46
182178,IA,19163,Scott,1348
183312,PA,42033,Clearfield,283
183450,FL,12035,Flagler,303
183743,MI,26077,Kalamazoo,1297
183901,AR,05039,Dallas,37
183933,GA,13081,Crisp,56
184187,WV,54045,Logan,81
184303,GA,13157,Jackson,328
184316,KS,20059,Franklin,50
184695,CA,06077,San Joaquin,1340
185507,TN,47189,Wilson,247
185613,TX,48187,Guadalupe,176
186974,MI,26151,Sanilac,76
187077,OH,39017,Butler,694
187199,LA,22011,Beauregard,45
187921,NY,36027,Dutchess,901
189031,AR,05023,Cleburne,58
189973,MD,24025,Harford,808
190347,GA,13153,Houston,363
190778,AR,05139,Union,94
191220,NE,31131,Otoe,44
191255,GA,13073,Columbia,209
191408,OK,40019,Carter,110
191512,LA,22039,Evangeline,64
191624,TX,48167,Galveston,493
191719,NC,37063,Durham,2085
193225,IL,17063,Grundy,116
193978,OH,39139,Richland,381
194141,KY,21049,Clark,91
194232,OH,39005,Ashland,87
194233,TN,47071,Hardin,53
194283,KY,21107,Hopkins,229
194556,MS,28115,Pontotoc,74
194795,IL,17143,Peoria,1018
194884,MS,28121,Rankin,513
195176,ME,24005,Baltimore,3629
195395,GA,13247,Rockdale,395
195984,NE,31153,Sarpy,278
196056,MS,28117,Prentiss,52
196594,AZ,04017,Navajo,513
196614,CA,06087,Santa Cruz,816
196740,KS,20035,Cowley,73
196958,MN,27103,Nicollet,126
197015,PR,72145,Vega Baja,39
197591,WV,54039,Kanawha,1149
199611,NY,36067,Onondaga,2106
199742,TX,48039,Brazoria,686
200062,WI,55103,Richland,22
200084,TX,48257,Kaufman,98
200662,TN,47063,Hamblen,211
200734,MN,27129,Renville,16
201304,MS,28127,Simpson,55
201770,IL,17093,Kendall,129
204173,TN,47165,Sumner,424
204265,PR,72137,Toa Baja,18
204436,MD,24013,Carroll,474
204613,NY,36075,Oswego,225
204646,GA,13297,Walton,182
205232,TX,48381,Randall,151
205557,GA,13197,Marion,5
205954,CO,08014,Broomfield,180
206214,PR,72101,Morovis,9
206223,OH,39035,Cuyahoga,4636
208338,NY,36071,Orange,1490
208977,NY,36033,Franklin,152
209045,SC,45045,Greenville,2272
209426,WY,56043,Washakie,41
209467,PA,42003,Allegheny,7699
211093,KS,20037,Crawford,154
211215,WY,56025,Natrona,280
211809,IL,17163,St. Clair,670
211826,IL,17197,Will,1437
212023,WA,53063,Spokane,2090
212195,NY,36111,Ulster,360
212384,GA,13269,Taylor,8
212392,GA,13127,Glynn,224
213176,WI,55009,Brown,1665
213324,GA,13179,Liberty,66
213390,PR,72105,Naranjito,15
214710,CA,06047,Merced,226
214745,IN,18141,St. Joseph,808
215262,NY,36101,Steuben,346
215380,PA,42089,Monroe,590
215422,GA,13021,Bibb,719
215632,UT,49005,Cache,201
216066,PA,42115,Susquehanna,29
216645,TX,48209,Hays,485
216683,RI,44009,Washington,319
217145,PA,42133,York,1591
218254,NM,35049,Santa Fe,512
218695,CO,08089,Otero,33
219097,TN,47103,Lincoln,82
219315,CO,08043,Fremont,62
220449,NV,32023,Nye,98
220857,TX,48367,Parker,119
220940,PR,72029,Canóvanas,15
221130,PR,72065,Hatillo,27
221545,OK,40009,Beckham,68
221965,ID,16005,Bannock,276
222596,NC,37189,Watauga,337
222920,DE,10001,Kent,366
223922,NY,36007,Broome,718
224157,GA,13047,Catoosa,124
224783,AL,01045,Dale,48
225133,MD,24037,St. Mary's,193
225161,PR,72079,Lajas,15
225779,IL,17111,McHenry,722
225941,NE,31105,Kimball,22
226361,FL,12091,Okaloosa,491
226424,TN,47125,Montgomery,295
226874,IA,19021,Buena Vista,19
226891,MO,29169,Pulaski,46
226892,KY,21115,Johnson,46
227216,AL,01125,Tuscaloosa,598
227277,AL,01083,Limestone,126
228090,TX,48027,Bell,2905
231040,GA,13317,Wilkes,13
231053,AR,05033,Crawford,62
231563,PA,42071,Lancaster,2040
231892,CT,09007,Middlesex,571
232369,WV,54075,Pocahontas,26
232370,OK,40043,Dewey,7
232377,OK,40061,Haskell,33
232410,NJ,34033,Salem,140
232419,MI,26121,Muskegon,546
233592,MO,29043,Christian,182
233980,LA,22025,Catahoula,14
234309,TN,47173,Union,18
234436,GA,13225,Peach,43
234451,GA,13307,Webster,1
234541,WA,53027,Grays Harbor,137
235257,TX,48449,Titus,86
235593,TX,48303,Lubbock,704
235837,TX,48055,Caldwell,98
235965,MD,24027,Howard,850
240317,SC,45025,Chesterfield,70
240369,PA,42039,Crawford,195
240572,IL,17083,Jersey,44
240634,GA,13063,Clayton,259
240817,VA,51590,Danville,173
241008,SC,45007,Anderson,386
242105,MI,26027,Cass,44
242130,KY,21175,Morgan,34
242420,WY,56039,Teton,87
242597,LA,22113,Vermilion,94
243297,PR,72051,Dorado,19
243316,OH,39173,Wood,249
243817,WV,54025,Greenbrier,173
243867,TX,48231,Hunt,154
243979,WA,53073,Whatcom,766
244450,SC,45019,Charleston,2069
244601,PA,42043,Dauphin,2578
244905,PA,42051,Fayette,284
246268,WV,54003,Berkeley,270
246343,PR,72019,Barranquitas,11
246386,TX,48277,Lamar,121
247417,AR,05141,Van Buren,15
247428,MI,26023,Branch,125
247547,MI,26155,Shiawassee,163
248030,OH,39121,Noble,14
249537,CA,06057,Nevada,190
249632,TX,48387,Red River,11
249919,VA,51630,Fredericksburg,407
250326,MD,24015,Cecil,250
254020,GA,13077,Coweta,388
254402,PR,72075,Juana Díaz,16
254918,NY,36089,St. Lawrence,320
255164,OK,40119,Payne,161
255464,AL,01069,Houston,431
255568,GA,01069,Houston,431
255826,PR,72143,Vega Alta,17
255843,UT,49045,Tooele,98
256541,IA,19153,Polk,2239
258837,MD,24009,Calvert,215
259449,TX,48025,Bee,71
259815,VA,51093,Isle of Wight,26
259892,GA,13199,Meriwether,24
260918,TX,48323,Maverick,61
261606,SC,45079,Richland,1316
262786,NC,37097,Iredell,912
263340,PR,72017,Barceloneta,15
263361,OK,40099,Murray,24
263370,TN,47069,Hardeman,52
263821,KY,21085,Grayson,58
263875,TN,47003,Bedford,77
263950,UT,49049,Utah,1050
264774,TX,48431,Sterling,1
267221,AR,05051,Garland,356
267242,FL,12019,Clay,517
268308,GU,66010,Guam,154
269542,NE,31119,Madison,157
270330,NC,37069,Franklin,63
270547,CO,08001,Adams,1799
270626,SC,45041,Florence,601
271655,GA,13293,Upson,83
271741,TN,47031,Coffee,208
271912,OR,41039,Lane,1378
272046,WY,56033,Sheridan,108
273413,TN,47039,Decatur,15
273493,VA,51085,Hanover,329
273507,NC,37055,Dare,121
273511,FL,12017,Citrus,347
274817,IA,19111,Lee,95
274880,KY,21221,Trigg,21
274901,MI,26157,Tuscola,105
275314,NY,36045,Jefferson,278
275535,CO,08029,Delta,110
276016,NC,37181,Vance,88
276644,MS,28075,Lauderdale,306
276669,TX,48233,Hutchinson,36
277001,FL,12085,Martin,634
277017,FL,12023,Columbia,146
277174,OK,40085,Love,6
277525,OH,39095,Lucas,2096
278268,IN,18035,Delaware,463
279640,TX,48363,Palo Pinto,87
281227,MA,25005,Bristol,1839
281263,AL,01123,Tallapoosa,93
281327,GA,13045,Carroll,268
281758,VA,51650,Hampton,244
281796,OR,41009,Columbia,98
282233,VT,50023,Washington,513
282378,NJ,34019,Hunterdon,305
282654,MI,26117,Montcalm,252
282805,KY,21135,Lewis,74
282994,CA,06045,Mendocino,248
283101,GA,13261,Sumter,583
284439,IL,17007,Boone,90
284620,GA,13233,Polk,72
284687,CA,06097,Sonoma,817
285006,WV,54055,Mercer,203
285362,PA,42021,Cambria,537
285603,MI,26015,Barry,89
285683,WI,55111,Sauk,255
286164,OK,40045,Ellis,17
286222,AL,01049,DeKalb,103
286244,WA,53057,Skagit,554
286328,NJ,34015,Gloucester,542
286533,AL,01053,Escambia,83
287293,MO,29510,St. Louis,1606
287359,IA,19149,Plymouth,31
288089,NC,37071,Gaston,614
288508,OH,39059,Guernsey,98
288576,WV,54043,Lincoln,8
288579,OH,39127,Perry,37
288937,GA,13279,Toombs,85
289013,TX,48153,Floyd,13
289026,IL,17049,Effingham,153
289525,WV,54005,Boone,42
290276,LA,22117,Washington,79
290404,MO,29147,Nodaway,59
291101,MN,27009,Benton,1
291479,OK,40049,Garvin,34
291673,TN,47009,Blount,376
291885,NH,33003,Carroll,107
292008,IL,17045,Edgar,87
292095,NY,36109,Tompkins,341
292815,TN,47049,Fentress,27
292837,NY,36009,Cattaraugus,165
292972,OH,39007,Ashtabula,527
293614,PR,72063,Gurabo,32
293646,MT,30013,Cascade,333
294899,WV,54049,Marion,147
295030,NC,37095,Hyde,4
295102,CA,06101,Sutter,254
295447,TX,48143,Erath,62
295676,LA,22065,Madison,24
295700,LA,22123,West Carroll,16
295827,LA,22071,Orleans,897
296090,WV,54051,Marshall,119
297296,PR,72011,Añasco,10
298217,NC,37153,Richmond,101
298775,NC,47037,Davidson,2601
299162,NC,37045,Cleveland,277
299332,TN,47185,White,38
299386,MA,25015,Hampshire,754
299628,MA,25003,Berkshire,486
301002,TN,47179,Washington,1080
302446,TX,48225,Houston,40
302481,WV,54057,Mineral,63
302706,AR,05067,Jackson,37
304688,MI,26161,Washtenaw,8012
305408,VA,51683,Manassas,498
306023,TX,48427,Starr,41
306321,MO,29183,St. Charles,759
307642,PR,72085,Las Piedras,16
307831,AZ,04003,Cochise,246
308188,IL,17105,Livingston,74
308235,OH,39029,Columbiana,213
308473,OK,40035,Craig,29
309595,WA,53011,Clark,1568
310022,NM,35015,Eddy,143
310097,TX,48041,Brazos,689
310098,WI,55101,Racine,573
310457,TN,47055,Giles,111
310560,AR,05007,Benton,622
311372,SD,46027,Clay,34
311406,IL,17115,Macon,328
311630,MI,26073,Isabella,201
311823,TN,47057,Grainger,8
313066,CA,06003,Alpine,1
313067,AR,05125,Saline,172
313247,PR,72071,Isabela,25
313292,OR,41025,Harney,45
313600,NM,35057,Torrance,19
314115,NV,32005,Douglas,136
314175,NY,36077,Otsego,202
314807,MT,30097,Sweet Grass,14
314825,TX,48199,Hardin,65
314880,MS,28087,Lowndes,211
315270,NC,37021,Buncombe,1294
317825,NC,37047,Columbus,140
318071,SC,45057,Lancaster,165
320200,KY,21015,Boone,392
320821,TN,47061,Grundy,10
320822,TX,48259,Kendall,143
320957,OR,41063,Wallowa,33
320989,CO,08087,Morgan,73
321323,MS,28073,Lamar,221
322113,TX,48309,McLennan,881
322169,AL,01031,Coffee,82
323029,KS,20051,Ellis,118
323034,FL,12089,Nassau,160
323163,MI,26025,Calhoun,431
323242,AL,01087,Macon,7
323259,MO,29201,Scott,194
323537,CT,09005,Litchfield,423
323761,NY,36107,Tioga,169
324124,PA,42125,Washington,638
324168,GA,13039,Camden,86
324222,OH,39027,Clinton,94
325007,IL,17019,Champaign,874
325248,OK,40041,Delaware,96
325459,MT,30111,Yellowstone,795
325592,OH,39057,Greene,258
325767,NC,37171,Surry,221
325871,MD,24021,Frederick,873
326069,MO,29195,Saline,44
326419,IL,17167,Sangamon,981
326847,SC,45035,Dorchester,371
326962,TX,48505,Zapata,8
327438,VA,51191,Washington,263
327818,IL,17037,DeKalb,154
327819,AL,01005,Barbour,33
327879,GA,13219,Oconee,111
328087,LA,22127,Winn,44
328546,AL,01001,Autauga,150
329211,TN,47113,Madison,638
330097,KY,21017,Bourbon,37
330318,NC,37031,Carteret,236
331082,PA,42059,Greene,59
331139,TN,47053,Gibson,120
331719,VA,51013,Arlington,361
331931,CA,06035,Lassen,35
332946,SC,45059,Laurens,68
333865,KS,20045,Douglas,231
333910,OH,39133,Portage,206
334072,AR,05099,Nevada,15
334683,ID,16027,Canyon,820
334895,IL,17099,LaSalle,204
335005,PA,42065,Jefferson,112
335269,PA,42075,Lebanon,408
335285,CA,06069,San Benito,35
335320,LA,22091,St. Helena,11
335906,AR,05077,Lee,6
335912,WV,54067,Nicholas,76
336480,CA,06093,Siskiyou,96
336620,LA,22045,Iberia,268
336761,PA,42069,Lackawanna,719
337027,IL,17201,Winnebago,1062
337129,IL,17011,Bureau,113
337556,CA,06055,Napa,271
340243,TX,48267,Kimble,8
340336,KY,21093,Hardin,356
340388,TX,48049,Brown,102
340483,TX,48397,Rockwall,164
340598,ID,16031,Cassia,73
341271,OK,40101,Muskogee,116
341610,FL,12121,Suwannee,40
341682,TX,48487,Wilbarger,21
341703,KS,20173,Sedgwick,1710
341974,MN,27123,Ramsey,2992
342059,TN,47105,Loudon,204
342362,AZ,04005,Coconino,615
342684,CA,06007,Butte,740
343326,OK,40087,McClain,63
343555,GA,13249,Schley,4
343791,OH,39023,Clark,297
344214,GA,13085,Dawson,64
345049,WA,53021,Franklin,89
346298,KS,20157,Republic,8
348011,PA,42007,Beaver,394
348079,TX,48463,Uvalde,40
348115,ME,23007,Franklin,125
349283,TX,48409,San Patricio,55
349885,WV,54109,Wyoming,6
350498,CO,08067,La Plata,221
350580,AR,05087,Madison,18
351987,AL,01017,Chambers,61
352248,OH,39097,Madison,58
355600,KY,39049,Franklin,6620
356537,VA,51173,Smyth,97
356713,OK,40017,Canadian,211
356746,KY,21217,Taylor,110
359423,VA,51620,Franklin,48
359471,CA,06009,Calaveras,77
359506,NV,32001,Churchill,63
360137,NC,37139,Pasquotank,128
360158,TN,37139,Pasquotank,128
360450,WI,55133,Waukesha,1948
361685,WA,53055,San Juan,17
362235,MS,28003,Alcorn,121
362356,OH,39091,Logan,103
362442,FL,12133,Washington,28
363413,OH,39145,Scioto,348
363729,MI,26093,Livingston,425
364664,WI,55035,Eau Claire,928
366401,VA,51700,Newport News,670
366608,VA,51095,James City,282
366884,PR,72007,Aguas Buenas,5
368049,TN,47155,Sevier,296
369042,OK,40097,Mayes,78
369534,OK,40075,Kiowa,12
372341,OK,40089,McCurtain,77
372752,WV,54011,Cabell,744
373006,MN,27097,Morrison,39
373033,NY,36003,Allegany,107
374685,OK,40147,Washington,94
374741,GA,13097,Douglas,138
374781,IN,18003,Allen,2370
374855,MN,27037,Dakota,2037
376236,IN,18143,Scott,60
377286,VA,51079,Greene,9
377889,AL,01109,Pike,77
378095,MI,26087,Lapeer,123
378454,AZ,04023,Santa Cruz,74
379258,VA,51177,Spotsylvania,227
379793,OH,39101,Marion,176
379967,LA,22111,Union,22
380013,MI,26063,Huron,108
380057,SC,45037,Edgefield,36
382333,IN,18099,Marshall,108
382666,FL,12119,Sumter,178
384525,OK,40137,Stephens,106
385593,UT,49019,Grand,14
386093,GA,13175,Laurens,102
386405,PR,72095,Maunabo,3
386434,GA,13017,Ben Hill,39
387874,ME,23009,Hancock,176
388818,PR,72039,Ciales,14
390412,AL,01077,Lauderdale,190
390418,PA,42015,Bradford,472
391001,MN,27091,Martin,86
392133,LA,22099,St. Martin,45
392275,WY,56005,Campbell,103
392362,AR,05147,Woodruff,193
392371,OR,41007,Clatsop,111
392927,GA,13257,Stephens,40
393340,MO,29021,Buchanan,330
393595,VA,51147,Prince Edward,58
394718,NC,37023,Burke,193
395259,MI,26059,Hillsdale,80
395416,VA,51135,Nottoway,9
395808,IN,18091,LaPorte,235
396811,KY,21145,McCracken,399
398199,KY,21157,Marshall,49
398246,NH,33013,Merrimack,632
398369,NC,37037,Chatham,96
398477,AL,01079,Lawrence,41
398478,AL,01093,Marion,66
398669,GA,13027,Brooks,7
399365,VA,51197,Wythe,107
399460,TN,47001,Anderson,232
399937,NC,37001,Alamance,524
400475,AL,01111,Randolph,43
400507,VT,50005,Caledonia,135
400601,WI,55119,Taylor,109
400693,VT,50019,Orleans,40
400925,OH,39009,Athens,185
401385,KY,21039,Carlisle,2
402672,NY,36117,Wayne,322
402835,TX,48465,Val Verde,40
402875,KY,21021,Boyle,154
403029,IN,18067,Howard,208
403530,PR,72115,Quebradillas,18
403548,AL,01021,Chilton,47
403691,UT,49013,Duchesne,70
403716,IN,18151,Steuben,58
403781,TX,48341,Moore,47
403880,PR,72089,Luquillo,6
404802,PR,72107,Orocovis,6
406208,PR,72083,Las Marías,5
406701,AR,05063,Independence,153
407021,LA,22067,Morehouse,47
407647,PA,42057,Fulton,32
408238,AL,01025,Clarke,52
408455,OH,39043,Erie,198
409662,TX,48315,Marion,5
410018,NC,37195,Wilson,168
410154,OR,41033,Josephine,315
411312,NE,31143,Polk,6
411314,TN,47079,Henry,85
411930,MS,28043,Grenada,68
412400,LA,22075,Plaquemines,13
412406,CA,06023,Humboldt,381
412417,WV,54069,Ohio,287
412934,GA,13227,Pickens,72
413475,AR,05035,Crittenden,127
414280,OK,40123,Pontotoc,222
414282,WY,56029,Park,133
414552,WA,53071,Walla Walla,161
415136,LA,22101,St. Mary,117
415718,MI,26021,Berrien,434
415754,MI,26101,Manistee,78
417175,NH,33009,Grafton,292
417470,FL,12059,Holmes,29
417499,AK,02110,Juneau,122
418336,VT,50017,Orange,65
418805,MS,28047,Harrison,860
418905,NY,36039,Greene,122
419097,TX,48013,Atascosa,44
419111,TN,47011,Bradley,267
419462,ID,16053,Jerome,48
419698,MS,28091,Marion,48
419744,TX,48273,Kleberg,58
420848,TN,47081,Hickman,35
420849,WV,54053,Mason,55
420852,OH,39065,Hardin,44
421257,WV,54047,McDowell,36
422814,OH,39107,Mercer,138
422885,MO,29051,Cole,269
423000,LA,22057,Lafourche,384
423152,MO,29047,Clay,902
423243,AR,05011,Bradley,24
423491,CA,06015,Del Norte,69
423556,PA,42073,Lawrence,242
424171,OK,40077,Latimer,5
424176,MS,28061,Jasper,20
424448,GA,13009,Baldwin,77
425087,TN,47025,Claiborne,74
425494,TN,47167,Tipton,213
427001,FL,12075,Levy,26
427211,VA,51003,Albemarle,253
427761,ME,23015,Lincoln,94
427832,ME,23005,Cumberland,2161
428811,PA,42123,Warren,92
428897,MS,28095,Monroe,126
429531,LA,22019,Calcasieu,741
429846,AZ,04021,Pinal,784
430308,OH,39071,Highland,84
430880,OH,39137,Putnam,33
431038,IL,17021,Christian,45
431410,TX,48489,Willacy,10
432110,ID,16083,Twin Falls,397
432960,OH,39021,Champaign,54
434428,GA,13051,Chatham,772
434720,GA,13143,Haralson,41
434751,NC,37141,Pender,75
434911,CO,08123,Weld,663
435671,IN,18039,Elkhart,459
435675,NC,37039,Cherokee,98
436203,RI,44005,Newport,218
436513,AR,05123,St. Francis,35
436648,GA,13291,Union,93
436795,NY,36057,Montgomery,157
436967,IA,19051,Davis,13
436980,IN,18057,Hamilton,1255
436981,PR,72151,Yabucoa,30
437195,IN,18123,Perry,45
437578,TX,48329,Midland,234
437734,OH,39103,Medina,368
438551,PR,72035,Cayey,33
438655,SC,45091,York,570
439197,NJ,34037,Sussex,231
439471,TN,47045,Dyer,127
440392,MO,29075,Gentry,19
440400,OH,39165,Warren,652
441012,GA,13059,Clarke,448
441438,MP,69110,Saipan,40
441889,PA,42019,Butler,780
441922,TN,47027,Clay,7
441932,KY,21029,Bullitt,136
442610,OK,40095,Marshall,38
442682,TN,47119,Maury,226
443468,MO,29077,Greene,1397
443504,GA,13095,Dougherty,454
444649,FL,12027,DeSoto,50
447073,MT,30099,Teton,11
448238,TX,48179,Gray,51
448289,AR,05043,Drew,54
448363,LA,22047,Iberville,48
448456,VA,51670,Hopewell,43
448582,OH,39013,Belmont,117
448967,KY,21009,Barren,182
449270,OH,39119,Muskingum,433
449691,WA,53009,Clallam,304
449878,TN,47013,Campbell,100
450350,OK,40007,Beaver,2
450552,NE,31013,Box Butte,28
450807,AL,01051,Elmore,102
451118,KY,21193,Perry,165
451270,TX,48325,Medina,51
451463,ME,23017,Oxford,105
451464,GA,13137,Habersham,60
451469,GA,13281,Towns,28
451710,MO,29031,Cape Girardeau,665
453069,MS,28105,Oktibbeha,106
454262,IA,19067,Floyd,21
454333,AL,01103,Morgan,247
454775,GA,13049,Charlton,11
455015,WV,54009,Brooke,24
455731,PR,72045,Comerío,9
455835,NY,36051,Livingston,198
455868,PR,72109,Patillas,19
456062,PA,42085,Mercer,490
456326,NC,37057,Davidson,309
456332,FL,12093,Okeechobee,80
457353,GA,13303,Washington,47
457397,WV,54079,Putnam,134
457549,NM,35028,Los Alamos,46
458764,OH,39063,Hancock,257
459058,PR,72015,Arroyo,7
459207,OK,40083,Logan,25
459448,MD,24041,Talbot,306
459846,TX,48287,Lee,26
459877,LA,22029,Concordia,26
459891,MS,28023,Clarke,25
460784,TX,48079,Cochran,1
460786,LA,22009,Avoyelles,69
460794,AZ,04007,Gila,169
460948,FL,12113,Santa Rosa,392
461676,PA,42001,Adams,241
461954,MS,28159,Winston,25
462116,WV,54059,Mingo,18
462129,TX,48185,Grimes,39
462457,KY,21209,Scott,145
463026,TN,47019,Carter,76
463101,TX,48493,Wilson,54
463256,OK,40081,Lincoln,37
463745,MT,30041,Hill,44
464249,MO,29007,Audrain,49
465931,MO,29221,Washington,50
466615,WV,54061,Monongalia,440
466879,NY,36093,Schenectady,446
466923,CA,06113,Yolo,286
467290,OH,39033,Crawford,166
467757,GA,13005,Bacon,22
468365,TN,47021,Cheatham,46
468375,PA,42107,Schuylkill,405
468382,MO,29101,Johnson,100
468599,ME,23019,Penobscot,1113
469470,SD,46041,Dewey,21
469522,IA,19177,Van Buren,19
470670,AR,05113,Polk,49
470985,SC,45085,Sumter,236
471279,IN,18083,Knox,153
471455,IL,17113,McLean,373
471620,WV,54015,Clay,12
472161,KY,21083,Graves,57
472162,NE,31079,Hall,190
472400,GA,13069,Coffee,105
472523,KY,21199,Pulaski,229
472939,TX,48071,Chambers,29
473094,MO,29099,Jefferson,182
473215,ME,23011,Kennebec,788
474323,PR,72055,Guánica,6
474902,LA,22087,St. Bernard,56
475426,NC,37193,Wilkes,131
477046,KY,21159,Martin,28
477048,VA,51035,Carroll,39
477244,WY,56041,Uinta,65
478055,KY,21213,Simpson,48
479334,NC,37093,Hoke,108
479490,FL,12079,Madison,19
479539,MS,28145,Union,95
479793,TX,48473,Waller,16
480523,OH,39089,Licking,329
480830,WI,55059,Kenosha,382
481483,NY,36013,Chautauqua,453
481521,TX,48159,Franklin,3
481689,KY,21037,Campbell,246
482118,MO,29083,Henry,112
482271,VA,51550,Chesapeake,518
483120,TX,48255,Karnes,28
483463,TN,47033,Crockett,12
483470,MS,28017,Chickasaw,23
484174,AR,05015,Carroll,42
484213,IA,19155,Pottawattamie,398
486337,NE,31025,Cass,8
486637,TN,47163,Sullivan,974
486952,NC,37107,Lenoir,128
488128,NE,31185,York,39
488378,TN,47139,Polk,17
488660,MO,29207,Stoddard,61
488661,TN,47109,McNairy,49
489878,KY,21229,Washington,13
489925,WI,55047,Green Lake,56
490513,OH,39011,Auglaize,97
491549,MI,26143,Roscommon,52
491850,SC,45015,Berkeley,144
491928,OH,39135,Preble,58
492183,MI,26045,Eaton,226
492988,TX,48265,Kerr,149
493211,NC,37117,Martin,43
494601,LA,22109,Terrebonne,221
494745,VA,51161,Roanoke,314
494861,TN,47153,Sequatchie,29
494890,GA,13299,Ware,150
495104,UT,49021,Iron,77
495476,NC,37013,Beaufort,155
495906,VA,51089,Henry,138
495911,VA,51660,Harrisonburg,302
497150,CA,06005,Amador,118
497607,SD,46083,Lincoln,256
498062,SC,45075,Orangeburg,173
499149,VA,51019,Bedford,132
499322,LA,22083,Richland,53
499872,TN,47123,Monroe,72
500109,AL,01059,Franklin,57
500365,LA,22093,St. James,15
500372,KS,20163,Rooks,26
500826,IA,19193,Woodbury,380
500978,MN,27145,Stearns,1083
501775,IN,18069,Huntington,101
502366,OH,39053,Gallia,133
502495,FL,12131,Walton,105
502523,WY,56001,Albany,98
502596,PR,72111,Peñuelas,6
503360,NC,37019,Brunswick,433
503720,RI,44001,Bristol,37
503908,MI,26047,Emmet,141
504403,AL,01039,Covington,112
504407,NC,37077,Granville,110
504722,KS,20015,Butler,148
504802,LA,22119,Webster,135
504905,OH,39149,Shelby,107
505092,TX,48135,Ector,340
505584,MS,28163,Yazoo,37
505651,NC,37027,Caldwell,174
505787,NM,35047,San Miguel,43
505825,IN,18063,Hendricks,1018
506572,ND,38071,Ramsey,57
506629,WI,55025,Dane,3485
508308,LA,22007,Assumption,19
508317,LA,22069,Natchitoches,76
509062,ID,16055,Kootenai,555
509563,GA,13079,Crawford,1
509619,NH,33005,Cheshire,294
509797,IA,19103,Johnson,843
510323,MS,28057,Itawamba,40
510858,NY,36017,Chenango,95
511556,SD,46099,Minnehaha,1504
512707,OH,39077,Huron,129
512714,PA,42041,Cumberland,1033
512845,KY,21025,Breathitt,46
513522,WA,53029,Island,75
515498,OH,39041,Delaware,676
515601,KY,21059,Daviess,561
515602,TN,47151,Scott,63
515635,TN,47171,Unicoi,26
515694,KY,21151,Madison,249
515921,WV,54097,Upshur,160
516161,MN,27169,Winona,129
517387,NE,31139,Pierce,22
517507,SC,45009,Bamberg,57
517701,NE,31019,Buffalo,131
517792,OH,39075,Holmes,60
517842,OH,39175,Wyandot,52
518204,GA,13091,Dodge,36
518684,AR,05009,Boone,77
518794,MS,28029,Copiah,37
518795,ME,23025,Somerset,87
518941,LA,22041,Franklin,50
518984,IN,18041,Fayette,33
519412,LA,22059,LaSalle,40
519515,MO,29037,Cass,198
519670,NY,36121,Wyoming,51
520060,ND,38101,Ward,247
520293,OR,41059,Umatilla,163
520302,OR,41027,Hood River,68
520427,OH,39001,Adams,32
520429,ME,23001,Androscoggin,598
520580,IN,18051,Gibson,75
520706,WA,53025,Grant,205
521056,MI,26137,Otsego,101
521157,KS,20019,Chautauqua,1
521160,IN,18137,Ripley,97
521166,MO,29071,Franklin,253
522004,ND,38035,Grand Forks,368
522525,TN,47147,Robertson,130
523366,TN,47077,Henderson,59
523421,NC,37197,Yadkin,41
523793,TN,47097,Lauderdale,50
524072,TX,48497,Wise,108
524651,VA,51105,Lee,28
524668,MS,28093,Marshall,39
525981,TX,48097,Cooke,69
527732,TN,47091,Johnson,22
527754,VA,51775,Salem,466
528220,PR,72141,Utuado,11
530096,OH,39143,Sandusky,140
530554,MO,29213,Taney,396
530702,NV,32007,Elko,97
530787,TX,48089,Colorado,56
530794,SC,45003,Aiken,256
532004,IA,19161,Sac,25
532007,VA,51169,Scott,49
532988,KS,20155,Reno,139
533106,NM,35009,Curry,86
533779,KS,20175,Seward,49
533853,VA,51540,Charlottesville,240
534063,CA,06027,Inyo,73
534123,VA,51195,Wise,55
534130,CA,06017,El Dorado,236
534333,TN,47129,Morgan,11
534487,MO,29011,Barton,86
535566,TN,47095,Lake,12
536228,PA,42063,Indiana,235
536500,NC,37177,Tyrrell,1
536501,ID,16051,Jefferson,24
536900,OK,40091,McIntosh,21
536904,IL,17181,Union,30
537816,VA,51083,Halifax,67
537818,CA,06049,Modoc,36
537819,NC,37113,Macon,132
537952,TX,48365,Panola,31
540140,MO,29175,Randolph,80
540534,UT,49057,Weber,616
542732,AL,01043,Cullman,239
544293,MS,28109,Pearl River,97
544778,TX,48503,Young,53
547061,WV,54019,Fayette,89
547068,MN,27013,Blue Earth,453
547630,NC,37059,Davie,60
548084,MT,30067,Park,66
548150,TN,47041,DeKalb,35
548328,WA,53007,Chelan,319
549008,IA,19013,Black Hawk,451
549186,NY,36035,Fulton,138
551890,SD,46127,Union,109
551987,IN,18095,Madison,299
551988,OH,39055,Geauga,160
552211,VA,51770,Roanoke,892
552328,KS,20209,Wyandotte,195
553953,TX,48133,Eastland,33
553954,KY,21143,Lyon,6
554315,TN,47183,Weakley,67
554521,OH,39167,Washington,524
555071,OH,39169,Wayne,262
555704,MS,28113,Pike,151
555806,MI,26103,Marquette,313
556472,WI,55071,Manitowoc,225
557373,GA,13109,Evans,29
557402,TX,48127,Dimmit,10
557419,ND,38043,Kidder,1
558028,VA,51121,Montgomery,346
558258,PA,42031,Clarion,163
558753,IL,17067,Hancock,40
558862,OK,40013,Bryan,127
558979,MO,29023,Butler,191
559301,GA,13241,Rabun,36
559605,IA,19005,Allamakee,56
559609,CA,06105,Trinity,21
559630,TX,48419,Shelby,28
560057,IN,18037,Dubois,236
561112,SC,45021,Cherokee,99
561184,KY,21171,Monroe,27
562173,OH,39037,Darke,84
562188,OK,40135,Sequoyah,52
562189,TX,48437,Swisher,10
562458,NV,32510,Carson City,223
562595,MD,24035,Queen Anne's,100
562645,KY,21087,Green,21
562732,ME,23013,Knox,109
563398,NM,35029,Luna,64
563461,MS,28135,Tallahatchie,19
564048,TX,48349,Navarro,69
564145,VA,51155,Pulaski,54
564240,MS,28071,Lafayette,154
564394,AR,05075,Lawrence,43
564628,TX,48175,Goliad,4
564826,VA,51750,Radford,27
565043,NE,31003,Antelope,13
565056,OR,41069,Wheeler,1
565187,PR,72001,Adjuntas,5
565593,KS,20145,Pawnee,20
565816,SD,46029,Codington,101
566835,SC,45011,Barnwell,55
566881,MI,26005,Allegan,80
566895,TX,48389,Reeves,24
566931,AL,01019,Cherokee,78
567130,WI,55075,Marinette,166
567321,GA,13035,Butts,21
568494,OH,39161,Van Wert,99
569125,TX,48343,Morris,5
569263,OH,39047,Fayette,42
570341,MT,30105,Valley,20
571792,MT,30001,Beaverhead,30
571822,KS,20187,Stanton,9
572755,TX,48221,Hood,189
573203,VA,51790,Staunton,74
574605,MO,29153,Ozark,2
574606,KY,21153,Magoffin,28
574819,WV,54021,Gilmer,5
575203,NC,37167,Stanly,153
575677,MI,26129,Ogemaw,144
575815,CA,06039,Madera,94
576226,WA,53047,Okanogan,152
576253,WV,54085,Ritchie,8
576323,CO,08117,Summit,61
576449,WI,55007,Bayfield,25
576471,OK,40115,Ottawa,85
577183,KY,21101,Henderson,211
578270,WV,54107,Wood,332
579040,WI,55087,Outagamie,743
579237,NC,37115,Madison,34
579786,ME,23029,Washington,62
579839,NE,31037,Colfax,10
580160,IN,18065,Henry,139
580336,NC,37127,Nash,287
580591,NC,37109,Lincoln,305
581182,TX,48331,Milam,13
581252,NE,31017,Brown,11
581263,GA,13001,Appling,35
582014,VA,51005,Alleghany,59
582795,AL,01023,Choctaw,13
582809,ND,38079,Rolette,31
582857,MS,28153,Wayne,53
582907,WI,55139,Winnebago,638
583267,KY,21179,Nelson,162
583425,PA,42131,Wyoming,40
584358,AR,05149,Yell,32
585157,WV,54041,Lewis,101
586870,VA,51077,Grayson,9
586913,MT,30089,Sanders,14
586924,ID,16045,Gem,32
587030,NC,37033,Caswell,20
587551,NC,37151,Randolph,212
588334,KY,21233,Webster,23
588839,KY,21033,Caldwell,63
589230,LA,22005,Ascension,171
589504,WA,53045,Mason,77
589755,TN,47181,Wayne,75
589812,PA,42013,Blair,599
589837,AL,01057,Fayette,31
589978,PR,72049,Culebra,2
589980,OH,39159,Union,126
590113,NM,35061,Valencia,84
590395,WA,53035,Kitsap,775
590552,OK,40047,Garfield,134
590847,KS,20057,Ford,40
590881,MS,28147,Walthall,38
591100,FL,12125,Union,18
591370,MI,26091,Lenawee,154
591457,NC,37163,Sampson,70
591582,SD,46009,Bon Homme,12
591583,MN,27099,Mower,155
591833,WV,54029,Hancock,139
591835,OH,54029,Hancock,139
594235,AK,02130,Ketchikan Gateway,48
594283,LA,22095,St. John the Baptist,66
595154,MN,27083,Lyon,91
595940,NJ,34009,Cape May,262
596544,VA,51175,Southampton,6
596569,NC,37131,Northampton,7
596966,TN,47143,Rhea,70
597196,FL,12039,Gadsden,35
597386,MI,26035,Clare,93
597763,PA,42005,Armstrong,84
597845,PR,72129,San Lorenzo,10
598495,PA,42083,McKean,91
598497,VA,51009,Amherst,41
598536,AR,05093,Mississippi,87
598711,UT,49051,Wasatch,20
599105,NM,35055,Taos,71
600522,NM,35035,Otero,128
600938,NC,37135,Orange,2487
600955,MI,26071,Iron,23
601340,CO,08097,Pitkin,28
601376,ID,16079,Shoshone,20
601377,IN,18177,Wayne,278
601633,NM,35053,Socorro,24
601689,NC,37121,Mitchell,58
601743,IL,17121,Marion,141
602039,NC,37007,Anson,37
602171,LA,22013,Bienville,6
602176,IN,18153,Sullivan,53
603235,AR,05061,Howard,21
603255,TX,48499,Wood,83
603391,PA,42035,Clinton,105
603559,VA,51073,Gloucester,96
603650,TX,48163,Frio,38
603888,PA,42081,Lycoming,431
603916,KS,20103,Leavenworth,166
604378,MS,28015,Carroll,1
604833,VA,51181,Surry,4
604834,AR,05053,Grant,20
605081,VA,51023,Botetourt,49
605858,GA,13287,Turner,5
606379,IN,39095,Lucas,2096
607674,OK,40111,Okmulgee,87
608356,LA,22003,Allen,45
608393,IN,18127,Porter,430
608500,PR,72033,Cataño,4
608803,TN,47085,Humphreys,29
609115,OH,39025,Clermont,208
609482,PA,42127,Wayne,51
610143,IN,18133,Putnam,49
610186,GA,13255,Spalding,127
612070,MI,26159,Van Buren,163
612117,KY,21167,Mercer,25
612272,IA,19059,Dickinson,60
612275,OK,40105,Nowata,12
612398,GA,13285,Troup,148
612714,TX,48043,Brewster,21
613147,GA,13277,Tift,239
613443,TN,47121,Meigs,9
613452,PR,72147,Vieques,4
613456,TX,48003,Andrews,30
613486,AR,05103,Ouachita,37
613610,AL,01075,Lamar,10
613627,ND,38105,Williams,72
614241,OK,40139,Texas,35
615086,PR,72067,Hormigueros,9
626164,NC,37015,Bertie,25
626207,AL,01091,Marengo,44
626650,NH,33001,Belknap,171
627353,NY,36083,Rensselaer,459
627878,KY,21141,Logan,39
628130,AR,05047,Franklin,20
629873,VA,51069,Frederick,76
629918,AR,05019,Clark,55
630035,AR,05001,Arkansas,41
630789,OK,40127,Pushmataha,16
632052,MO,29225,Webster,71
632359,MD,24029,Kent,43
632400,MS,28063,Jefferson,15
632712,KS,20021,Cherokee,65
633096,WV,54089,Summers,27
633360,NM,35007,Colfax,25
633373,KS,20171,Scott,16
633389,KY,21125,Laurel,185
633593,AR,05027,Columbia,45
633661,NC,37083,Halifax,92
633745,MS,28039,George,47
633996,MT,30083,Richland,18
634322,KS,20009,Barton,104
634674,CA,06033,Lake,122
634767,TX,48177,Gonzales,40
634806,KY,21203,Rockcastle,55
634855,KY,21239,Woodford,52
634902,NE,31135,Perkins,19
634921,CO,08045,Garfield,208
635380,PR,72149,Villalba,7
635456,VA,51680,Lynchburg,589
635545,TX,48053,Burnet,223
635697,OH,39123,Ottawa,44
636161,WY,56013,Fremont,130
636212,KY,21123,Larue,9
636785,GA,13173,Lanier,16
637322,GA,13213,Murray,70
637400,NY,36021,Columbia,289
637715,MS,28137,Tate,30
639134,IA,19083,Hardin,30
639146,NH,33017,Strafford,503
639185,VA,51025,Brunswick,5
639190,TX,48047,Brooks,7
639197,SC,45001,Abbeville,30
639277,OK,40145,Wagoner,59
639304,NE,31001,Adams,129
639433,KY,21003,Allen,19
639543,MT,30075,Powder River,2
639721,OH,39141,Ross,384
640181,AR,05059,Hot Spring,54
640377,OH,39073,Hocking,34
640669,OH,39157,Tuscarawas,188
641042,MO,29177,Ray,8
641132,WI,55019,Clark,29
641458,TX,48335,Mitchell,9
641636,GA,13107,Emanuel,71
642338,MS,28133,Sunflower,126
642374,KY,21225,Union,38
642425,IN,18121,Parke,17
642499,OH,39045,Fairfield,305
643183,KY,21043,Carter,58
643247,ND,38017,Cass,1000
643875,AR,05133,Sevier,39
644044,IL,17073,Henry,133
644419,WV,54023,Grant,25
644516,MT,30081,Ravalli,77
644883,MO,29215,Texas,47
644942,MO,29069,Dunklin,60
645825,HI,06037,Los Angeles,18526
645882,TX,48083,Coleman,5
645886,IN,18181,White,34
646091,LA,22115,Vernon,72
646134,GA,22115,Vernon,72
646318,CO,08071,Las Animas,35
646630,NY,36079,Putnam,155
646642,MT,30019,Daniels,9
646949,NC,37017,Bladen,58
646952,VT,50027,Windsor,149
647836,IN,18031,Decatur,68
649797,CO,08099,Prowers,23
649848,MN,27137,St. Louis,1174
653002,CO,08049,Grand,24
653279,VA,51157,Rappahannock,3
653945,TX,48129,Donley,1
654151,IA,19125,Marion,100
654301,TN,47135,Perry,13
654640,VA,51149,Prince George,52
655048,TN,47133,Overton,47
655635,GA,13015,Bartow,212
655978,CA,06021,Glenn,16
655984,KS,20179,Sheridan,9
656206,TX,48001,Anderson,104
656430,LA,22081,Red River,25
657164,NM,35031,McKinley,190
657310,GA,13259,Stewart,24
657311,VA,51051,Dickenson,38
657445,OK,40069,Johnston,31
657605,OR,41057,Tillamook,109
657969,VT,50015,Lamoille,62
657981,WA,53015,Cowlitz,432
658138,OR,41041,Lincoln,143
658466,NY,36031,Essex,127
659033,IN,18033,DeKalb,52
659792,NC,37091,Hertford,100
659869,MO,29005,Atchison,4
661157,NY,36041,Hamilton,2
661227,AL,01115,St. Clair,77
661235,WA,53075,Whitman,83
661294,VA,51043,Clarke,11
661305,WA,53037,Kittitas,116
661637,GA,13161,Jeff Davis,12
663799,IL,17159,Richland,48
663984,GA,13019,Berrien,16
664076,UT,49047,Uintah,40
664142,IL,17141,Ogle,122
664302,IN,18135,Randolph,38
664473,UT,49003,Box Elder,72
664538,OH,39051,Fulton,84
665213,KS,20055,Finney,61
665275,OH,39079,Jackson,111
665377,PA,42055,Franklin,604
665857,CO,08051,Gunnison,36
665900,CO,08091,Ouray,4
665904,TN,47169,Trousdale,11
665915,TN,47115,Marion,81
666080,GA,13253,Seminole,17
666920,CA,06011,Colusa,34
667128,OR,41013,Crook,67
667299,GA,13155,Irwin,14
667456,NE,31041,Custer,23
667594,SC,45055,Kershaw,100
667613,OK,40015,Caddo,30
667631,TX,48015,Austin,34
667654,KY,21079,Garrard,16
668321,NY,36015,Chemung,384
668436,IN,18027,Daviess,208
668670,KY,21155,Marion,50
669074,SD,46103,Pennington,526
670107,NC,37041,Chowan,59
670165,NY,36053,Madison,218
670170,NC,37145,Person,211
670409,ID,16017,Bonner,84
670504,IN,18055,Greene,41
670538,AR,05115,Pope,142
670737,OH,39019,Carroll,19
670747,MO,29217,Vernon,43
670897,CO,08081,Moffat,50
670947,UT,49043,Summit,100
670999,CA,04021,Pinal,784
672720,TX,48147,Fannin,47
673115,MT,30017,Custer,55
673519,MS,28045,Hancock,128
673601,AL,01121,Talladega,87
673857,CA,32031,Washoe,1187
673878,MT,38057,Mercer,30
673879,ND,38057,Mercer,30
675139,KY,21147,McCreary,21
675506,NC,37159,Rowan,298
676710,IL,17173,Shelby,40
677032,AL,01041,Crenshaw,19
677092,NC,37169,Stokes,62
677338,TX,48351,Newton,1
677387,TX,48103,Crane,3
677465,MT,30101,Toole,11
677489,TX,48457,Tyler,18
677723,OR,41053,Polk,150
677813,KY,21091,Hancock,11
677980,KY,21095,Harlan,85
678087,VA,51057,Essex,110
678500,OH,39003,Allen,514
679019,KS,20147,Phillips,14
680562,ID,16061,Lewis,1
680657,AR,05029,Conway,38
681044,GA,13319,Wilkinson,5
681102,CA,06109,Tuolumne,190
682761,IL,17199,Williamson,272
683108,TN,47107,McMinn,90
683130,MI,26055,Grand Traverse,532
684311,OK,40117,Pawnee,18
684319,PA,42099,Perry,44
684858,MI,26133,Osceola,33
685037,TN,47087,Jackson,4
685127,KS,20111,Lyon,63
685623,OK,40023,Choctaw,17
685641,TN,13259,Stewart,24
685666,SC,45071,Newberry,92
686069,TX,48057,Calhoun,40
686428,TX,48227,Howard,93
686550,AL,01133,Winston,38
686953,IN,18001,Adams,51
686972,GA,13211,Morgan,28
687277,MS,28077,Lawrence,22
688307,SC,45077,Pickens,269
688527,KY,21089,Greenup,51
688533,NC,37087,Haywood,181
688657,AK,02261,Valdez-Cordova,29
689032,KS,20161,Riley,146
690226,WI,55105,Rock,442
690466,AK,02240,Southeast Fairbanks,11
690722,SD,46135,Yankton,82
691004,PA,42103,Pike,22
692431,UT,49055,Wayne,10
692975,AR,05081,Little River,24
693162,KY,21103,Henry,9
693218,CO,08075,Logan,60
693414,OR,41021,Gilliam,3
693897,MI,26007,Alpena,90
693984,VA,51071,Giles,62
694038,GA,13195,Madison,25
694821,SC,45023,Chester,36
695141,CA,06043,Mariposa,28
695474,OH,39081,Jefferson,168
695620,GA,13275,Thomas,227
696416,ID,16067,Minidoka,27
696443,MA,25007,Dukes,47
696485,MI,26107,Mecosta,87
697241,MN,27033,Cottonwood,36
697264,VA,51075,Goochland,6
697265,VA,51800,Suffolk,354
697419,IN,18029,Dearborn,168
698156,IL,17117,Macoupin,53
698278,OH,39125,Paulding,25
698662,NC,37111,McDowell,186
698927,IA,19091,Humboldt,27
699258,OR,41015,Curry,53
699651,VA,51101,King William,8
699814,PA,34039,Union,1104
699969,MO,29049,Clinton,147
700388,IA,19179,Wapello,195
700581,AK,02150,Kodiak Island,25
700606,AL,01035,Conecuh,11
700669,IA,19081,Hancock,23
700728,MN,27003,Anoka,1273
701108,NM,35003,Catron,1
703150,SC,45029,Colleton,103
703652,TN,47005,Benton,35
704089,TX,48051,Burleson,16
704907,TX,48189,Hale,62
704968,MO,29091,Howell,200
705186,NE,31015,Boyd,12
705197,AR,05071,Johnson,39
705638,LA,22063,Livingston,139
705690,TX,48483,Wheeler,6
707287,FL,12029,Dixie,20
707300,IN,18149,Starke,55
707948,FL,12047,Hamilton,3
707995,GA,13295,Walker,71
707996,SC,45043,Georgetown,181
708180,OK,40011,Blaine,13
708600,MI,26029,Charlevoix,68
708609,GA,13201,Miller,28
708729,WV,54077,Preston,43
709132,NE,31053,Dodge,97
709231,OK,40021,Cherokee,178
712184,GA,13111,Fannin,63
712246,LA,22085,Sabine,33
712392,TX,48223,Hopkins,97
713010,OH,39015,Brown,46
713137,LA,22043,Grant,17
713154,SD,46023,Charles Mix,26
713223,IN,18159,Tipton,15
713253,MS,28119,Quitman,7
713520,WI,55131,Washington,525
713599,KY,21121,Knox,103
713900,TX,48285,Lavaca,37
715156,GA,13221,Oglethorpe,4
715197,AL,01107,Pickens,27
715406,TX,48459,Upshur,9
715624,MO,29161,Phelps,341
715956,KY,21161,Mason,61
716104,IL,17033,Crawford,152
716376,SC,45027,Clarendon,76
716470,TN,47117,Marshall,42
716508,IN,18103,Miami,33
716546,IA,19157,Poweshiek,69
716616,KY,21211,Shelby,78
717394,MO,29115,Linn,54
718091,GA,13181,Lincoln,3
718148,VA,51027,Buchanan,50
718346,TN,47007,Bledsoe,20
718378,VA,51199,York,38
720752,WY,56007,Carbon,36
721137,TX,48451,Tom Green,429
721685,WV,54099,Wayne,23
721770,VT,50011,Franklin,125
721949,NC,37165,Scotland,151
722094,KY,21235,Whitley,247
722302,NM,35041,Roosevelt,47
722433,NH,33007,Coos,110
722447,TX,48161,Freestone,19
722748,TX,48093,Comanche,27
722771,IN,18059,Hancock,206
723127,VA,51145,Powhatan,14
723370,WI,55063,La Crosse,916
724042,AL,01027,Clay,22
724059,KY,21189,Owsley,13
724560,MS,28021,Claiborne,9
724757,MI,26051,Gladwin,40
724853,VA,51640,Galax,66
725138,NC,37079,Greene,24
726013,OR,41011,Coos,176
726655,VA,51143,Pittsylvania,30
728053,PA,42009,Bedford,105
728233,NY,36011,Cayuga,135
728518,NC,37161,Rutherford,168
728675,TX,48237,Jack,29
729264,TX,48279,Lamb,15
729758,TN,47159,Smith,33
729934,SD,46111,Sanborn,1
730438,GA,13003,Atkinson,5
730639,MS,28051,Holmes,37
730643,MS,28013,Calhoun,23
730672,NC,37149,Polk,56
730912,OK,40037,Creek,66
730994,AZ,04009,Graham,117
731033,IA,19087,Henry,38
731048,MO,19087,Henry,38
731440,MS,28031,Covington,61
732373,VA,51187,Warren,164
734100,MN,27171,Wright,290
734407,AR,05003,Ashley,43
735375,IA,19045,Clinton,179
735575,VA,51047,Culpeper,87
735662,AR,05135,Sharp,52
736741,IA,19025,Calhoun,26
737012,VA,51720,Norton,141
737832,IN,18107,Montgomery,206
738728,MN,27111,Otter Tail,132
740258,OK,40131,Rogers,171
740602,IN,18021,Clay,27
740642,AL,01013,Butler,33
741602,CO,08003,Alamosa,113
741912,MO,29155,Pemiscot,49
741946,FL,12063,Jackson,86
742134,PR,72117,Rincón,3
742332,LA,22077,Pointe Coupee,19
742346,GA,13147,Hart,11
743804,OR,41001,Baker,59
743860,IL,17055,Franklin,102
744011,NC,37099,Jackson,149
744180,IN,18093,Lawrence,113
744287,MO,29167,Polk,322
745000,NC,37061,Duplin,761
745832,OR,41055,Sherman,1
746437,KY,21045,Casey,21
746459,OK,40141,Tillman,3
746535,KS,20125,Montgomery,65
746599,AR,05111,Poinsett,69
746775,OK,40121,Pittsburg,117
747650,NE,31149,Rock,7
748416,KS,20191,Sumner,23
749728,MI,26039,Crawford,86
749814,WV,54083,Randolph,85
750415,NV,32013,Humboldt,26
751637,TN,47029,Cocke,104
752213,KY,21237,Wolfe,21
752649,GA,13235,Pulaski,102
754160,TX,48393,Roberts,1
754161,WA,53031,Jefferson,81
754333,MI,26105,Mason,93
754428,MI,26019,Benzie,34
754518,PR,72073,Jayuya,4
755123,IL,17077,Jackson,257
755658,WA,53065,Stevens,256
756261,GA,13229,Pierce,27
756895,TN,47023,Chester,46
756974,MO,29059,Dallas,12
757241,LA,22031,De Soto,19
757258,MS,28111,Perry,18
757761,KS,20013,Brown,30
757829,MO,29085,Hickory,1
757924,TN,47073,Hawkins,89
758460,CA,06115,Yuba,117
758832,ME,23023,Sagadahoc,45
759672,KY,21035,Calloway,98
759852,IN,18081,Johnson,465
760042,IN,18013,Brown,4
760077,TX,48031,Blanco,6
760096,KY,21191,Pendleton,9
760552,IN,18079,Jennings,49
760601,TX,48507,Zavala,7
761036,FL,12049,Hardee,41
761310,IL,17103,Lee,100
761952,KY,21117,Kenton,696
762862,OR,41061,Union,48
762863,NC,37105,Lee,189
763042,NE,31157,Scotts Bluff,87
763118,TX,48369,Parmer,12
763136,NC,37187,Washington,22
763828,VA,51115,Mathews,8
764097,WV,54017,Doddridge,5
764103,IL,17017,Cass,2
764105,MS,28103,Noxubee,11
764779,IN,18157,Tippecanoe,577
765195,WI,55135,Waupaca,344
765636,MO,29121,Macon,35
766000,WI,55055,Jefferson,207
766212,AR,05107,Phillips,53
766329,MO,29053,Cooper,5
766410,VA,51137,Orange,32
766556,OH,39031,Coshocton,58
766635,MS,28101,Newton,17
766969,KY,21119,Knott,32
767054,IA,19007,Appanoose,26
767260,MS,28009,Benton,19
767504,ND,38103,Wells,11
767515,ND,38009,Bottineau,12
767770,ID,16041,Franklin,12
767955,IA,19037,Chickasaw,14
768018,UT,49015,Emery,6
768020,OR,41049,Morrow,25
768224,MO,29171,Putnam,7
768840,GA,13065,Clinch,11
768889,AR,05073,Lafayette,4
769172,NE,31045,Dawes,13
769555,AL,01065,Hale,19
770563,VA,51193,Westmoreland,5
770644,KY,21097,Harrison,84
770811,IL,17145,Perry,32
770878,AR,05083,Logan,80
771508,ID,16065,Madison,81
771887,KY,21131,Leslie,35
771972,MI,26123,Newaygo,90
772246,GA,13129,Gordon,140
772875,TN,47075,Haywood,23
773540,IA,19099,Jasper,65
773729,SD,46093,Meade,27
773810,MO,29163,Pike,37
774097,TX,48077,Clay,25
774167,MI,26149,St. Joseph,86
774206,TN,47043,Dickson,167
774642,GA,13187,Lumpkin,38
774854,MN,27057,Hubbard,51
775636,WV,54063,Monroe,2
775653,SC,45083,Spartanburg,1174
775772,PA,42121,Venango,146
775887,AL,01131,Wilcox,13
775998,GA,13061,Clay,4
776003,MS,28139,Tippah,68
776007,IN,18109,Morgan,169
776216,MS,28141,Tishomingo,47
776311,MI,26079,Kalkaska,24
776355,AR,05145,White,240
776599,IA,19015,Boone,19
776795,AR,05089,Marion,32
776856,TN,47127,Moore,7
777162,MT,30073,Pondera,11
777309,KS,20169,Saline,198
777946,OK,40107,Okfuskee,9
779081,IL,17135,Montgomery,95
779146,MI,26089,Leelanau,12
779391,WY,56031,Platte,26
781778,WI,55067,Langlade,67
782326,VA,51015,Augusta,186
782637,TX,48019,Bandera,14
783178,VA,51065,Fluvanna,14
783767,KY,21169,Metcalfe,6
784146,IL,17041,Douglas,23
784150,TX,48467,Van Zandt,66
784165,VA,51037,Charlotte,29
784194,IN,18175,Washington,41
784296,MT,30103,Treasure,1
784904,OH,39129,Pickaway,57
785540,MD,24023,Garrett,119
785823,SD,46011,Brookings,143
786237,MI,26053,Gogebic,74
786239,WI,55051,Iron,28
786260,IL,17193,White,17
786549,NY,36023,Cortland,106
786642,NY,36099,Seneca,40
786931,WA,55133,Waukesha,1948
787484,ID,16021,Boundary,20
788048,TX,48403,Sabine,10
788163,WI,55023,Crawford,183
788421,TX,48023,Baylor,5
788567,GA,13193,Macon,6
788654,NM,35027,Lincoln,33
789900,TX,48371,Pecos,22
790189,MT,30033,Garfield,3
790192,OK,40113,Osage,58
790208,WI,55053,Jackson,38
790287,SC,45053,Jasper,43
790329,VA,51119,Middlesex,7
790330,IA,19105,Jones,43
790337,KY,21173,Montgomery,102
790735,MS,28129,Smith,14
790741,IL,17053,Ford,123
792128,KY,21185,Oldham,97
794035,AR,05091,Miller,71
794379,IA,19041,Clay,101
794486,MN,27035,Crow Wing,291
794669,WV,54027,Hampshire,25
794705,MO,29197,Schuyler,1
795438,KY,21177,Muhlenberg,159
795594,MN,27113,Pennington,60
795888,KS,20121,Miami,50
795927,IN,18155,Switzerland,9
795952,WV,54031,Hardy,26
795966,MS,28161,Yalobusha,31
796214,FL,12051,Hendry,64
796269,MO,29065,Dent,28
796387,LA,22049,Jackson,49
796433,KS,20205,Wilson,35
796516,GA,13133,Greene,37
796663,IL,17023,Clark,13
796667,GA,13131,Grady,36
796706,MN,27131,Rice,164
796896,OH,39083,Knox,149
798319,KY,21061,Edmonson,11
798507,VA,51520,Bristol,64
799229,MO,29143,New Madrid,11
799232,LA,22037,East Feliciana,26
799233,WI,55037,Florence,3
799369,KY,21127,Lawrence,107
799889,TN,47089,Jefferson,126
800145,NC,37065,Edgecombe,79
800416,GA,13033,Burke,24
800827,MN,27153,Todd,80
800928,NE,31155,Saunders,14
800942,MO,29013,Bates,28
801190,LA,22023,Cameron,4
801536,WI,55127,Walworth,212
801637,IN,18077,Jefferson,254
802103,WV,54007,Braxton,62
802140,TX,48193,Hamilton,25
802273,KS,20149,Pottawatomie,89
802274,IA,19139,Muscatine,116
802577,WI,55141,Wood,558
802782,VA,51063,Floyd,16
802919,WI,55027,Dodge,214
803470,GA,13099,Early,16
803595,TX,48283,La Salle,6
803656,MI,26061,Houghton,80
803827,IL,17001,Adams,325
804209,TX,48165,Gaines,18
804240,KY,21053,Clinton,32
804272,KY,21183,Ohio,83
805063,IN,18071,Jackson,129
805190,MI,26067,Ionia,78
805248,IL,17133,Monroe,38
805350,WV,54065,Morgan,21
805575,NC,37199,Yancey,28
805646,IA,19047,Crawford,28
806577,TX,48117,Deaf Smith,35
806613,MT,30007,Broadwater,14
806870,IL,17101,Lawrence,22
806908,SC,45087,Union,36
806944,IA,19065,Fayette,177
806978,MO,29015,Benton,26
807149,OK,40151,Woods,13
807306,GA,13205,Mitchell,27
807343,CO,08021,Conejos,36
807477,WV,54091,Taylor,17
807666,SD,46057,Hamlin,27
807768,TX,48253,Jones,14
807985,TX,48211,Hemphill,8
807993,WI,55031,Douglas,100
808131,MS,28025,Clay,70
808213,NM,35039,Rio Arriba,117
808586,WV,54087,Roane,17
808729,SD,46013,Brown,197
808964,FL,12013,Calhoun,31
809112,MO,29107,Lafayette,50
809485,KY,21163,Meade,22
809559,NY,36049,Lewis,85
809613,MD,24019,Dorchester,126
809753,IN,18087,LaGrange,44
809786,MO,29061,Daviess,1
809889,MS,28035,Forrest,432
809936,OK,40029,Coal,13
810108,PA,42087,Mifflin,161
810229,NC,37043,Clay,13
810362,SD,46065,Hughes,62
811045,OR,41023,Grant,30
811555,TX,48249,Jim Wells,62
811623,NC,37053,Currituck,23
811627,TX,48401,Rusk,127
811777,IA,19017,Bremer,69
812026,FL,12003,Baker,49
812088,IN,18165,Vermillion,67
812430,IL,17131,Mercer,16
812856,MN,27163,Washington,1071
813639,ND,38099,Walsh,22
813668,IN,18183,Whitley,134
813847,VT,50001,Addison,115
814181,NE,31023,Butler,7
814272,IN,18147,Spencer,15
814274,WV,54073,Pleasants,4
814403,IA,19137,Montgomery,31
814443,MS,28079,Leake,64
814692,VA,51163,Rockbridge,106
814957,KS,20181,Sherman,23
815375,IA,19175,Union,35
816101,IL,17025,Clay,37
817068,WI,55081,Monroe,141
818329,MN,27141,Sherburne,156
818479,ND,38001,Adams,9
818488,ND,38089,Stark,59
818567,MT,30051,Liberty,5
818583,KS,20073,Greenwood,13
818596,MN,27017,Carlton,69
818644,TX,48399,Runnels,15
818657,IL,17039,De Witt,30
818752,SC,45049,Hampton,34
818811,KY,21113,Jessamine,96
819238,OK,40065,Jackson,48
819356,KS,20071,Greeley,10
819366,KS,20199,Wallace,9
819375,OH,39087,Lawrence,154
819602,NE,31147,Richardson,12
819700,AR,05127,Scott,17
819867,WY,56045,Weston,12
819879,IN,18085,Kosciusko,216
819939,OH,39039,Defiance,96
820128,KY,21069,Fleming,37
820165,KY,21099,Hart,22
820789,WI,55073,Marathon,652
822527,NY,36115,Washington,99
825692,MO,29009,Barry,150
827198,MO,29033,Carroll,20
827218,WI,55097,Portage,295
827284,TX,48111,Dallam,16
827756,IL,17175,Stark,1
827782,WI,55069,Lincoln,145
828753,MO,29117,Livingston,64
828817,IA,19133,Monona,8
828911,AR,05065,Izard,21
829485,ND,38055,McLean,28
829492,FL,12007,Bradford,54
829546,IA,19073,Greene,17
829805,AL,01105,Perry,2
830032,NE,31047,Dawson,47
830063,NE,31145,Red Willow,29
830092,NE,31101,Keith,23
830127,IN,18179,Wells,67
830186,MI,26119,Montmorency,25
830207,MI,26141,Presque Isle,17
831349,NC,37103,Jones,32
831500,MO,29186,Ste. Genevieve,105
831679,OH,39171,Williams,95
831761,GA,13189,McDuffie,46
832072,KY,21231,Wayne,31
832103,KY,21005,Anderson,17
832120,IL,17137,Morgan,94
832214,IA,19181,Warren,96
833243,GA,13119,Franklin,46
833380,IA,19097,Jackson,31
833828,IN,18015,Carroll,4
833980,PA,42067,Juniata,40
834010,PA,42109,Snyder,182
834095,PA,42119,Union,213
836552,AR,05095,Monroe,14
836560,AR,05121,Randolph,55
836634,VA,51139,Page,48
836841,IL,17109,McDonough,66
837010,IA,19107,Keokuk,15
837495,WI,55015,Calumet,21
837545,IA,19119,Lyon,35
837574,SD,46035,Davison,105
837679,SD,46079,Lake,20
837699,MN,27101,Murray,17
837720,MN,27105,Nobles,77
837789,IA,19141,O'Brien,53
837819,SD,46025,Clark,3
837831,MN,27011,Big Stone,23
837850,SD,46109,Roberts,30
837876,SD,46123,Tripp,12
838082,MN,27063,Jackson,18
838093,MN,27133,Rock,29
839319,IA,19019,Buchanan,35
839323,IA,19171,Tama,14
839327,IA,19075,Grundy,13
839422,IA,19023,Butler,15
839423,KS,20093,Kearny,17
839654,IN,18145,Shelby,102
839811,WI,55049,Iowa,64
839859,WI,55043,Grant,135
839887,VI,78020,St. John,3
840054,KY,21081,Grant,56
840080,AL,01061,Geneva,21
840124,AK,02230,Skagway,7
840595,NY,36123,Yates,41
840637,MO,29127,Marion,159
842257,WV,54071,Pendleton,1
842258,GA,13169,Jones,20
842278,OR,41065,Wasco,231
842914,AZ,04012,La Paz,49
843040,OH,39069,Henry,46
843224,MN,27095,Mille Lacs,110
843380,CO,08015,Chaffee,47
843463,IN,18169,Wabash,51
843612,IL,17165,Saline,90
844393,ID,16057,Latah,96
844485,AR,05021,Clay,31
844510,IA,19117,Lucas,17
844527,MS,28097,Montgomery,24
844699,OK,40053,Grant,4
844703,OK,40073,Kingfisher,21
844926,WI,55121,Trempealeau,34
844953,MN,27055,Houston,44
844959,WI,55093,Pierce,124
845023,IA,19043,Clayton,41
846456,MO,29185,St. Clair,13
846467,SD,46051,Grant,109
846576,SD,46059,Hand,21
846597,IA,19167,Sioux,120
846626,IA,19143,Osceola,13
846639,IA,19063,Emmet,31
846675,SD,46087,McCook,7
846723,MN,27117,Pipestone,35
846757,SD,46101,Moody,25
846829,SD,46067,Hutchinson,21
846848,SD,46053,Gregory,33
846879,SD,46015,Brule,18
846897,VA,51029,Buckingham,35
846932,VA,51033,Caroline,17
846947,VA,51036,Charles City,3
847040,OK,40051,Grady,108
847199,VA,51141,Patrick,22
847221,VA,51067,Franklin,96
847485,MT,30035,Glacier,44
847584,CO,08103,Rio Blanco,14
847595,AL,01067,Henry,6
847762,TX,48067,Cass,54
847927,MN,27093,Meeker,71
847983,MN,27085,McLeod,137
848178,NC,37143,Perquimans,6
848184,GA,13025,Brantley,5
848608,MI,26011,Arenac,36
848633,ID,16039,Elmore,46
848671,MI,26069,Iosco,72
848736,TX,48281,Lampasas,27
848818,IL,17157,Randolph,120
848891,OK,40133,Seminole,56
849046,NH,33019,Sullivan,66
850415,WI,55117,Sheboygan,350
851031,NE,31179,Wayne,22
851227,WA,53019,Ferry,25
851506,NE,31021,Burt,18
851637,KY,21149,McLean,5
851697,IL,17079,Jasper,19
851950,TX,48443,Terrell,2
851952,MI,26165,Wexford,141
852656,VA,51171,Shenandoah,66
852671,KS,20143,Ottawa,6
852680,IL,17005,Bond,89
852797,WI,55083,Oconto,149
852866,TN,47083,Houston,21
852989,IA,19165,Shelby,30
853019,NE,31039,Cuming,27
853046,NE,31089,Holt,46
853065,IA,19071,Fremont,17
853074,NE,31177,Washington,38
853108,MT,30047,Lake,83
853703,PA,42117,Tioga,122
853825,GA,13159,Jasper,12
853837,GA,13207,Monroe,27
854016,OK,40103,Noble,26
854041,TX,48495,Winkler,20
854061,TX,48317,Martin,10
854071,TX,48293,Limestone,57
854095,TX,48299,Llano,34
854119,TX,48429,Stephens,66
854590,SC,45033,Dillon,36
854719,WI,55003,Ashland,55
854774,NE,31123,Morrill,24
854804,NY,36113,Warren,367
855018,IN,18061,Harrison,87
855369,IA,19095,Iowa,46
856043,TX,48081,Coke,2
856045,MO,29139,Montgomery,6
856048,MO,29173,Ralls,1
856261,IA,19173,Taylor,5
856265,IA,19003,Adams,13
856637,IL,17107,Logan,40
856791,IL,17035,Cumberland,8
856798,PA,42093,Montour,7
857124,ID,16075,Payette,88
857242,KS,20011,Bourbon,48
857322,ID,16035,Clearwater,19
857766,VA,51117,Mecklenburg,73
857781,VA,51125,Nelson,18
857791,ND,38031,Foster,7
857798,ND,38033,Golden Valley,2
858031,GA,13267,Tattnall,38
858040,TN,13267,Tattnall,38
858067,GA,13283,Treutlen,3
858070,GA,13163,Jefferson,26
858072,GA,13043,Candler,23
858095,GA,13165,Jenkins,6
858101,GA,13209,Montgomery,2
858368,NC,37123,Montgomery,56
858475,KS,20133,Neosho,34
858508,KS,20001,Allen,29
858779,MS,28157,Wilkinson,24
858803,MS,28005,Amite,12
858907,GA,13083,Dade,15
858920,GA,13055,Chattooga,8
858925,TN,47161,Stewart,8
858993,MO,29039,Cedar,24
859016,MO,29145,Newton,46
859060,KS,20099,Labette,89
859112,KY,21027,Breckinridge,38
859463,SC,45089,Williamsburg,32
860019,NC,37005,Alleghany,22
860179,IN,18023,Clinton,36
861299,WA,53039,Klickitat,54
861342,MN,27041,Douglas,102
861444,MN,27067,Kandiyohi,127
861563,TX,48421,Sherman,7
861570,ND,38011,Bowman,10
861988,KS,20159,Rice,17
862384,NV,32019,Lyon,75
862444,NE,31067,Gage,41
863924,KS,20137,Norton,9
863936,WI,55109,St. Croix,202
864543,VA,51053,Dinwiddie,5
864546,VA,51111,Lunenburg,3
864549,VA,51007,Amelia,1
864550,NC,37137,Pamlico,9
864706,TX,48247,Jim Hogg,2
864708,SC,45069,Marlboro,36
864759,MN,27051,Grant,17
864772,MN,27149,Stevens,19
865444,MI,26009,Antrim,12
865813,ID,16015,Boise,4
865820,AK,02016,Aleutians West,17
865857,AR,05057,Hempstead,32
865998,MS,28123,Scott,91
866090,MO,29027,Callaway,37
866532,IN,18113,Noble,105
866968,MT,30077,Powell,13
867036,GA,13011,Banks,22
868957,IN,18007,Benton,4
869002,IN,18011,Boone,215
869370,NC,37003,Alexander,26
869510,MO,29111,Lewis,18
869516,IL,17149,Pike,39
869555,IL,17171,Scott,6
869573,MO,29045,Clark,5
869578,IL,17009,Brown,5
870006,IL,17153,Pulaski,6
870012,IL,17151,Pope,1
870013,IL,17003,Alexander,3
870215,NE,31141,Platte,67
871915,UT,49037,San Juan,75
872171,IL,17203,Woodford,30
872260,IN,18101,Martin,5
872696,SD,46005,Beadle,48
872850,TX,48239,Jackson,8
872926,MI,26127,Oceana,39
872972,MD,24039,Somerset,45
873038,TX,48405,San Augustine,7
873045,KS,20095,Kingman,12
873534,GA,13177,Lee,21
873695,MN,27015,Brown,88
873703,MN,27127,Redwood,29
873706,TX,48105,Crockett,12
873929,GA,13321,Worth,22
874756,WI,55021,Columbia,219
874941,VA,51017,Bath,13
875099,NJ,22047,Iberville,48
875116,KY,21137,Lincoln,51
875161,LA,28113,Pike,151
875165,IN,18005,Bartholomew,285
875422,WY,56009,Converse,52
875635,MN,27023,Chippewa,21
875898,UT,49029,Morgan,10
876581,NE,31151,Saline,24
876823,KY,21075,Fulton,12
878909,MS,28099,Neshoba,97
879440,KS,20105,Lincoln,17
879501,MT,30025,Fallon,9
879510,MT,30109,Wibaux,3
879553,NM,35059,Union,12
879578,MO,29093,Iron,23
880334,VA,51001,Accomack,53
880515,ID,16049,Idaho,43
880881,ID,16047,Gooding,30
881174,IL,17185,Wabash,34
881208,KY,21041,Carroll,36
881600,MI,26031,Cheboygan,41
881628,NV,32033,White Pine,24
881652,WY,56035,Sublette,13
881662,LA,22089,St. Charles,88
881947,NC,37173,Swain,92
882029,IA,19127,Marshall,65
882121,KY,21205,Rowan,109
882378,CO,08115,Sedgwick,4
882390,IA,19197,Wright,40
882442,IA,19069,Franklin,36
882522,KS,20041,Dickinson,28
882536,KS,20115,Marion,21
882588,WA,53043,Lincoln,30
882594,NM,35017,Grant,82
882627,ID,16013,Blaine,66
882689,LA,22121,West Baton Rouge,34
882750,SC,45061,Lee,12
882919,WI,55085,Oneida,300
883112,WI,55125,Vilas,104
883296,WI,55115,Shawano,145
883333,AL,01037,Coosa,5
883628,WV,54103,Wetzel,62
883689,MN,27025,Chisago,144
883792,MN,27019,Carver,518
884270,MN,27143,Sibley,9
884305,MN,27139,Scott,378
884450,MO,29229,Wright,32
884485,SD,46077,Kingsbury,16
884642,WV,54095,Tyler,17
885504,MS,28065,Jefferson Davis,15
885761,ND,38061,Mountrail,17
886001,VA,51081,Greensville,26
886075,OH,39117,Morrow,25
886380,IA,19145,Page,65
886588,KS,20079,Harvey,147
886745,MN,27005,Becker,133
887292,IA,19187,Webster,211
887498,IA,19151,Pocahontas,12
887681,MI,26085,Lake,18
887709,MI,26113,Missaukee,9
887715,LA,22035,East Carroll,10
887731,TX,48391,Refugio,22
888329,WV,54101,Webster,19
888342,MS,28143,Tunica,12
888425,VA,51183,Sussex,9
888949,MT,30015,Chouteau,9
889037,IA,19089,Howard,21
889058,NE,31057,Dundy,5
889159,KY,21023,Bracken,6
889267,WI,55013,Burnett,21
889507,KY,21031,Butler,16
889525,KY,21109,Jackson,12
889612,OH,39131,Pike,51
889738,KY,21219,Todd,12
890947,CO,08007,Archuleta,32
891046,NE,31173,Thurston,26
891063,TX,48461,Upton,9
891082,SD,46125,Turner,8
891090,MN,27081,Lincoln,26
891169,ID,19153,Polk,2239
891220,TX,48433,Stonewall,7
891227,MN,27165,Watonwan,14
891651,MO,29137,Monroe,9
892055,KY,21063,Elliott,12
892117,KY,21165,Menifee,15
892169,IA,19079,Hamilton,31
892208,UT,49017,Garfield,11
892211,UT,49041,Sevier,32
892421,IA,19027,Carroll,91
892703,MO,29105,Laclede,175
893100,NE,31011,Boone,24
893163,WY,56003,Big Horn,27
893197,AZ,04011,Greenlee,9
893489,IL,17075,Iroquois,48
893801,VA,51099,King George,32
893846,IA,19191,Winneshiek,51
894296,IA,19011,Benton,40
894610,WI,55001,Adams,74
894683,WI,55077,Marquette,2
894704,MN,27069,Kittson,12
894716,MN,27119,Polk,132
894793,MN,27135,Roseau,41
894833,ND,38067,Pembina,25
894922,KS,20025,Clark,16
894948,KS,20185,Stafford,5
894953,KS,20151,Pratt,48
895156,MO,29123,Madison,21
896300,IL,17065,Hamilton,18
896336,NE,31081,Hamilton,17
896353,NE,31035,Clay,12
896542,OR,41043,Linn,533
896690,UT,49039,Sanpete,44
896999,TN,47015,Cannon,14
897071,AL,01007,Bibb,65
897720,ME,23021,Piscataquis,60
898570,TX,48475,Ward,5
898599,AK,02220,Sitka,102
898701,AK,02100,Haines,22
898723,AK,02195,Petersburg,9
898724,AK,02198,Prince of Wales-Hyder,17
898729,AK,02275,Wrangell,16
898745,AK,02105,Hoonah-Angoon,2
899101,TX,48109,Culberson,4
899111,MI,26097,Mackinac,22
900445,KS,20201,Washington,8
900447,KS,20027,Clay,28
900647,TX,48289,Leon,4
900650,WY,56015,Goshen,47
900697,WA,53017,Douglas,37
900748,KY,21139,Livingston,30
901382,MN,27173,Yellow Medicine,25
901487,TX,48455,Trinity,25
901576,ND,38083,Sheridan,1
901606,IA,19115,Louisa,4
901746,KS,20101,Lane,7
901773,AL,01085,Lowndes,4
901811,WY,56019,Johnson,15
901932,ID,16003,Adams,7
901947,MO,29055,Crawford,29
902242,IL,17127,Massac,20
902432,AL,01119,Sumter,11
902437,ND,38093,Stutsman,96
902743,AR,05041,Desha,14
902774,GA,13087,Decatur,70
902942,MN,27075,Lake,12
902969,WA,53059,Skamania,8
903007,KY,21215,Spencer,9
903185,MO,29103,Knox,7
903192,MO,29211,Sullivan,16
903527,WI,55039,Fond du Lac,288
903829,MT,30011,Carter,2
903858,NE,31033,Cheyenne,30
903951,AL,01099,Monroe,28
904042,MO,29219,Warren,45
904101,MN,27087,Mahnomen,14
904413,KY,21001,Adair,44
905034,MS,28125,Sharkey,2
905036,VA,51091,Highland,6
905089,IA,19055,Delaware,35
905124,SC,45039,Fairfield,20
905141,MN,27027,Clay,107
905800,WI,55095,Polk,133
907587,OK,40005,Atoka,18
907802,IA,19135,Monroe,17
907843,TX,48415,Scurry,84
908091,NC,37073,Gates,5
908092,NC,37029,Camden,4
908096,MA,25019,Nantucket,35
908143,WI,55041,Forest,14
908707,ID,16043,Fremont,9
908906,NM,35037,Quay,26
908952,ID,16009,Benewah,18
909274,UT,49027,Millard,479
909942,UT,49023,Juab,15
910187,MS,28007,Attala,30
910492,MO,29135,Moniteau,15
910504,MO,29151,Osage,10
911578,IL,17095,Knox,137
911801,WA,53051,Pend Oreille,26
911883,MO,29041,Chariton,1
911884,MO,29131,Miller,10
911912,IA,19085,Harrison,30
912343,MN,27157,Wabasha,36
912404,IA,19039,Clarke,54
912458,NV,32021,Mineral,9
912561,KS,20183,Smith,12
912700,MO,29109,Lawrence,57
913413,MN,27071,Koochiching,32
913544,MT,30009,Carbon,14
913642,MI,26109,Menominee,20
913655,NE,31043,Dakota,25
913682,TN,47137,Pickett,11
913836,KS,20087,Jefferson,18
914416,WI,55129,Washburn,18
914482,KS,20097,Kiowa,7
914860,NC,37075,Graham,16
914998,MN,27021,Cass,31
915119,MN,27159,Wadena,47
915335,OK,40001,Adair,27
915360,VA,51103,Lancaster,29
915382,VT,50013,Grand Isle,25
915385,GA,13105,Elbert,16
915429,MO,29029,Camden,144
916154,MI,26135,Oscoda,6
916224,TX,48151,Fisher,8
916636,IN,18115,Ohio,3
916685,IN,18017,Cass,63
916748,IN,18049,Fulton,37
917057,MN,27047,Freeborn,310
917367,NV,32017,Lincoln,13
917386,MO,29223,Wayne,12
917424,TX,48337,Montague,10
918108,TX,48477,Washington,122
918416,VA,51021,Bland,15
918671,WI,55033,Dunn,59
918733,WI,55017,Chippewa,212
919243,KS,20047,Edwards,7
919816,WI,55107,Rusk,23
919839,WI,55005,Barron,174
919907,WI,55113,Sawyer,66
920431,WI,55057,Juneau,94
921235,KS,20069,Gray,7
921505,WY,56023,Lincoln,29
921627,ID,16087,Washington,10
921907,UT,49001,Beaver,13
921962,FL,12041,Gilchrist,42
922004,IL,17069,Hardin,6
922408,KY,21223,Trimble,4
923502,NM,35006,Cibola,57
923562,IA,19049,Dallas,56
923583,NE,31065,Furnas,12
923603,IL,17195,Whiteside,153
923717,MS,28037,Franklin,11
923794,IL,17125,Mason,22
923909,MN,27059,Isanti,82
924023,MN,27121,Pope,40
924060,KS,20043,Doniphan,10
924066,KS,20005,Atchison,57
924123,ND,38037,Grant,18
924423,CO,08113,San Miguel,19
924606,MS,28131,Stone,23
924633,ID,16081,Teton,27
924660,ND,38005,Benson,12
924672,MS,28041,Greene,15
924702,KY,21197,Powell,32
924718,TX,48075,Childress,11
924778,MT,30043,Jefferson,4
924947,MO,29089,Howard,11
924984,TN,47067,Hancock,14
931036,AR,05117,Prairie,4
931168,SC,45005,Allendale,17
931307,MN,27049,Goodhue,89
931608,NE,31159,Seward,28
931636,NE,31059,Fillmore,22
931657,NE,31097,Johnson,10
931674,NE,31029,Chase,7
931683,TX,48425,Somervell,18
931795,MO,29113,Lincoln,52
931843,MI,29113,Lincoln,52
932193,TX,48417,Shackelford,11
932204,TX,48377,Presidio,11
932423,MS,28019,Choctaw,25
932932,WA,53023,Garfield,5
933090,PA,42061,Huntingdon,104
933210,VA,51131,Northampton,17
933226,IN,18009,Blackford,18
933241,KS,20131,Nemaha,29
933250,KS,20117,Marshall,19
933272,MT,30021,Dawson,17
933303,IN,18117,Orange,39
933366,WI,55078,Menominee,13
933510,OR,41031,Jefferson,33
933617,SD,46091,Marshall,9
933626,NE,31095,Jefferson,14
934083,GA,13243,Randolph,4
934094,MT,30061,Mineral,9
934103,NE,31137,Phelps,17
934120,IL,17057,Fulton,49
934236,IA,19035,Cherokee,26
934917,ID,16037,Custer,5
934939,VT,50009,Essex,5
934944,AK,02013,Aleutians East,42
935198,IA,19031,Cedar,9
935875,FL,12037,Franklin,28
936282,WV,54013,Calhoun,15
936620,KY,21129,Lee,9
936739,MO,29157,Perry,62
936885,NC,37185,Warren,8
936927,MO,29087,Holt,4
936931,ID,16011,Bingham,119
937083,IA,19001,Adair,10
937131,NE,31161,Sheridan,9
937267,WV,54001,Barbour,30
937287,TX,48123,DeWitt,22
937426,TX,48385,Real,3
937429,MO,29067,Douglas,39
937509,FL,12065,Jefferson,6
937520,FL,12123,Taylor,28
938250,WI,55045,Green,108
938353,IL,17177,Stephenson,131
938528,KS,20075,Hamilton,2
938665,TX,48379,Rains,13
939068,KS,20039,Decatur,11
939377,AK,02290,Yukon-Koyukuk,31
939391,MT,30085,Roosevelt,43
939422,VA,51045,Craig,3
939629,MT,30079,Prairie,4
939634,PA,42053,Forest,7
939641,OH,39067,Harrison,14
939666,GA,13251,Screven,9
939700,AR,05129,Searcy,11
939755,WY,56017,Hot Springs,22
939777,TX,48145,Falls,15
939842,GA,13271,Telfair,4
939860,CO,08125,Yuma,37
940328,GA,13311,White,25
940501,AR,05017,Chicot,62
940606,TX,48217,Hill,40
940637,MS,28155,Webster,27
940988,NY,36095,Schoharie,157
941232,MT,30107,Wheatland,9
941241,MT,30087,Rosebud,24
941250,IA,19109,Kossuth,13
941839,KY,21207,Russell,28
941848,IN,18125,Pike,10
942414,SD,46075,Jones,20
942434,SD,46117,Stanley,5
942439,SD,46119,Sully,2
942441,SD,46069,Hyde,3
942444,SD,46085,Lyman,2
942477,ID,16071,Oneida,7
942490,IL,17015,Carroll,15
944158,KS,20165,Rush,6
944169,FL,12077,Liberty,6
944267,AK,02060,Bristol Bay,12
944411,MS,28069,Kemper,10
944660,KS,20135,Ness,7
945183,MO,29079,Grundy,36
945231,KS,20003,Anderson,18
945843,IL,17147,Piatt,40
945947,NY,36097,Schuyler,24
945979,NE,31169,Thayer,10
946012,IL,17071,Henderson,6
946108,ND,38085,Sioux,11
946119,KY,21181,Nicholas,7
946159,MT,30039,Granite,3
946230,ND,38021,Dickey,21
946248,SD,46047,Fall River,10
946301,MN,27125,Red Lake,6
946310,MN,27029,Clearwater,25
946834,TX,48383,Reagan,2
946872,VA,51530,Buena Vista,6
946922,OK,40093,Major,10
947131,MI,26041,Delta,107
947225,IL,17187,Warren,25
947604,IA,19057,Des Moines,134
947758,PA,42105,Potter,46
948055,TN,47175,Van Buren,13
948366,LA,22021,Caldwell,26
948406,KS,20077,Harper,29
948435,TX,48297,Live Oak,4
948454,OK,40063,Hughes,18
948478,MI,26131,Ontonagon,11
948573,AR,05101,Newton,7
948651,TX,48069,Castro,12
948676,MN,27115,Pine,22
948715,PA,42047,Elk,73
949205,IL,17085,Jo Daviess,25
949264,MT,30023,Deer Lodge,13
949325,IL,17047,Edwards,10
949342,KY,21187,Owen,8
949350,KY,21077,Gallatin,14
949614,MN,27147,Steele,198
949837,CA,06063,Plumas,44
949866,NE,31127,Nemaha,12
950097,MO,29129,Mercer,3
950100,NE,31069,Garden,9
950109,TX,48095,Concho,3
950237,CA,06091,Sierra,3
950266,WI,55123,Vernon,72
950372,AR,05097,Montgomery,10
950382,AR,05109,Pike,41
950517,GA,13037,Calhoun,5
950860,IA,19185,Wayne,38
950972,NE,31129,Nuckolls,8
951024,KS,20029,Cloud,17
951053,MI,26153,Schoolcraft,20
951105,ID,16073,Owyhee,3
951321,TX,48447,Throckmorton,2
952119,PR,72093,Maricao,3
952391,SC,45017,Calhoun,5
952473,GA,13023,Bleckley,27
952648,IN,18171,Warren,16
953903,ND,38003,Barnes,53
953956,ND,38081,Sargent,19
953978,ND,38073,Ransom,21
953982,ND,38077,Richland,37
954011,MN,27107,Norman,32
954046,ND,38045,LaMoure,6
954063,IA,19093,Ida,15
954078,KS,20119,Meade,14
954092,TX,48087,Collingsworth,4
954096,SD,46107,Potter,9
954105,MO,29119,McDonald,30
954119,OR,41037,Lake,17
954196,TX,48191,Hall,2
954199,NE,31175,Valley,22
954730,VA,51127,New Kent,27
954751,VA,51159,Richmond,5
954757,VA,51133,Northumberland,2
954825,WI,55011,Buffalo,11
954830,WI,55091,Pepin,12
954842,WI,55029,Door,62
955117,MN,27043,Faribault,16
955120,MN,27161,Waseca,16
955124,IA,19189,Winnebago,30
955164,CO,08063,Kit Carson,6
955185,LA,22107,Tensas,5
955192,VA,51011,Appomattox,15
955284,NE,31107,Knox,22
955317,NM,35033,Mora,34
955389,KY,21011,Bath,18
955449,IA,19147,Palo Alto,14
955477,WA,53001,Adams,29
955502,ND,38023,Divide,6
955518,IN,18045,Fountain,4
955556,FL,12129,Wakulla,20
955583,TX,48313,Madison,9
955602,TX,48063,Camp,22
955692,WA,53049,Pacific,78
955699,CO,08039,Elbert,2
955758,NM,35023,Hidalgo,13
955863,CO,08065,Lake,17
955880,NE,31181,Webster,6
956329,MO,29081,Harrison,11
956418,MS,28053,Humphreys,4
956504,ID,16059,Lemhi,24
956590,TX,48035,Bosque,12
956616,SD,46102,Oglala Lakota,32
956642,SD,46007,Bennett,25
956703,MO,29141,Morgan,29
956730,MO,29073,Gasconade,14
956746,TX,48353,Nolan,32
956851,MN,27045,Fillmore,21
956885,KS,20153,Rawlins,6
956984,MN,27079,Le Sueur,18
957174,SD,46071,Jackson,4
957254,ID,16085,Valley,86
957427,CO,08009,Baca,13
957450,CO,08105,Rio Grande,35
957485,CO,08055,Huerfano,41
957533,KS,20067,Grant,13
957546,KS,20081,Haskell,8
957593,VA,51031,Campbell,20
957619,VA,51049,Cumberland,2
958186,ND,38053,McKenzie,12
958290,TX,48219,Hockley,18
958308,TX,48115,Dawson,16
958324,SD,46049,Faulk,6
958330,IA,19129,Mills,11
958374,KS,20031,Coffey,16
958395,VA,51113,Madison,1
958459,IL,17189,Washington,19
959213,AK,02068,Denali,6
959347,KS,20167,Russell,8
959355,CO,08053,Hinsdale,3
959358,MN,27001,Aitkin,39
959397,NE,31031,Cherry,12
959680,AK,02282,Yakutat,5
959718,UT,49025,Kane,10
959776,IL,17139,Moultrie,8
959913,ND,38019,Cavalier,25
959938,MO,29209,Stone,27
959985,IL,17123,Marshall,2
959987,IL,17155,Putnam,2
960013,MT,30071,Phillips,3
960365,OK,40067,Jefferson,31
960459,NE,31125,Nance,7
960482,GA,13149,Heard,1
960497,AK,02050,Bethel,64
960605,AR,05079,Lincoln,14
960630,NE,31027,Cedar,7
960633,NE,26157,Tuscola,105
960987,WI,55061,Kewaunee,42
961066,IA,19029,Cass,51
961225,TX,48275,Knox,9
961298,ND,38029,Emmons,11
961371,TX,48395,Robertson,1
961419,TX,48065,Carson,5
961424,TX,48359,Oldham,1
961425,WV,54105,Wirt,1
961426,TX,48307,McCulloch,5
961501,KS,20053,Ellsworth,20
961521,KS,20129,Morton,17
961538,OK,40025,Cimarron,5
961539,MT,30065,Musselshell,8
961852,MN,27073,Lac qui Parle,30
962127,KS,20033,Comanche,5
962175,ID,16007,Bear Lake,31
962415,OH,39111,Monroe,3
962437,KS,20141,Osborne,11
962444,KS,20123,Mitchell,9
962526,KS,20139,Osage,24
962557,AK,02164,Lake and Peninsula,45
962634,CO,08095,Phillips,19
962659,SC,45081,Saluda,18
962681,SC,45065,McCormick,13
962767,SD,46081,Lawrence,108
963025,WA,53013,Columbia,16
963047,ND,38063,Nelson,7
963277,IN,18075,Jay,48
963341,IA,19053,Decatur,25
963370,MN,27077,Lake of the Woods,12
963382,OK,40057,Harmon,5
963723,WV,54093,Tucker,8
963732,IL,17191,Wayne,32
963807,IA,19101,Jefferson,34
963845,ND,38039,Griggs,5
963870,SD,46089,McPherson,4
963874,CO,08061,Kiowa,7
963911,TX,48195,Hansford,12
963930,SD,46115,Spink,10
963963,NE,31093,Howard,12
964047,MI,26095,Luce,20
964107,WI,55099,Price,31
964201,KS,20083,Hodgeman,9
964248,MI,26013,Baraga,15
964272,TX,48413,Schleicher,4
964489,AR,05105,Perry,20
964583,AR,05025,Cleveland,6
964608,IA,19131,Mitchell,30
964638,OH,39105,Meigs,16
964690,PA,42023,Cameron,6
964718,AK,02070,Dillingham,86
964827,KS,20193,Thomas,36
964863,GA,13167,Johnson,9
964875,GA,13265,Taliaferro,1
964876,GA,13125,Glascock,1
964877,GA,13141,Hancock,2
964879,GA,13289,Twiggs,2
964977,CO,08025,Crowley,3
964980,CO,08109,Saguache,1
964999,SD,46033,Custer,12
965025,SD,46063,Harding,1
965026,SD,46019,Butte,3
965030,MI,26001,Alcona,79
965135,WA,53069,Wahkiakum,2
965465,ND,38069,Pierce,16
965590,PA,42113,Sullivan,1
965866,LA,22125,West Feliciana,10
966106,MO,29149,Oregon,1
966107,ID,16029,Caribou,10
966117,KS,20195,Trego,12
966151,FL,12067,Lafayette,4
966266,AK,02188,Northwest Arctic,69
966314,AK,02185,North Slope,3
966421,IN,18047,Franklin,13
966596,IA,19077,Guthrie,13
966608,IN,18119,Owen,8
966638,MI,26003,Alger,17
966730,OK,40055,Greer,8
966766,TX,48119,Delta,6
966953,CO,08121,Washington,3
966987,KY,21057,Cumberland,41
967209,NM,35019,Guadalupe,20
967337,NM,35011,De Baca,3
967340,MT,30057,Madison,26
967475,MT,30095,Stillwater,9
967639,SD,46129,Walworth,16
967655,MN,27039,Dodge,10
967690,NE,31083,Harlan,12
967769,IN,18161,Union,5
968352,GA,13145,Harris,7
968357,KS,20085,Jackson,23
969001,MO,29181,Ripley,18
969018,MO,29179,Reynolds,10
969028,MO,29203,Shannon,10
969029,MO,29035,Carter,2
969311,IL,17087,Johnson,1
969315,SD,46037,Day,7
969322,SD,46039,Deuel,41
969363,NE,31051,Dixon,1
969402,SD,46045,Edmunds,6
969550,KY,21105,Hickman,3
969554,ND,38095,Towner,7
969677,TX,48017,Bailey,12
969731,SD,46121,Todd,49
969777,NV,32015,Lander,5
969906,KS,20007,Barber,11
969912,TX,48107,Crosby,1
970005,CO,08093,Park,2
970073,ID,16025,Camas,3
970078,NV,32027,Pershing,8
970217,WY,56027,Niobrara,5
970226,TX,48131,Duval,1
970245,GA,13231,Pike,11
970354,OK,40129,Roger Mills,7
970458,MO,29025,Caldwell,4
970483,KS,20203,Wichita,5
970501,TX,48155,Foard,2
970503,TX,48197,Hardeman,6
970695,SD,46055,Haakon,6
970963,TX,48411,San Saba,2
971020,IA,19159,Ringgold,12
971508,MO,29057,Dade,9
971602,AL,01063,Greene,5
971675,AK,02180,Nome,7
971842,KS,20023,Cheyenne,19
971913,IA,19009,Audubon,12
972477,MN,27151,Swift,17
972492,TX,48271,Kinney,1
972613,NE,31071,Garfield,2
972716,KS,20109,Logan,14
972780,NE,31091,Hooker,2
972993,WV,24019,Dorchester,126
973010,ID,16023,Butte,10
973020,IA,19195,Worth,5
973052,SD,46043,Douglas,12
973099,OK,39089,Licking,329
973206,NE,31121,Merrick,8
973238,GA,13093,Dooly,4
973242,GA,13273,Terrell,6
973248,GA,13007,Baker,3
973251,ND,38049,McHenry,2
973253,ND,38075,Renville,6
973259,KS,20107,Linn,24
973296,KS,20089,Jewell,6
973549,MN,27155,Traverse,7
973560,ND,38097,Traill,12
973572,ND,38091,Steele,1
973595,GA,13191,McIntosh,3
973700,ND,38047,Logan,8
973707,ND,38051,McIntosh,25
973758,IL,17061,Greene,14
973903,MN,27167,Wilkin,8
974203,MN,27031,Cook,8
974211,MO,29199,Scotland,14
974250,IL,17059,Gallatin,3
974426,CO,08017,Cheyenne,8
974458,CO,19025,Calhoun,26
974650,KS,20127,Morris,20
974670,KS,20017,Chase,12
974717,TX,48327,Menard,2
974719,TX,48319,Mason,3
974799,KY,21055,Crittenden,20
974900,ND,38059,Morton,21
974969,KS,20189,Stevens,8
975084,TX,48059,Callahan,12
975172,AL,01129,Washington,16
975217,GA,13263,Talbot,1
975349,NE,31133,Pawnee,6
975355,CO,08073,Lincoln,8
975404,KS,20065,Graham,5
975410,MT,30059,Meagher,5
975417,MT,30003,Big Horn,109
975514,MT,30005,Blaine,15
975529,MO,29205,Shelby,2
975537,IN,18111,Newton,3
975593,NE,31099,Kearney,9
976250,MO,29125,Maries,2
976269,SD,46097,Miner,7
976276,SD,46073,Jerauld,25
976301,SD,46003,Aurora,5
976325,SD,46017,Buffalo,11
976343,SD,46095,Mellette,1
976362,IL,17129,Menard,4
976392,UT,49033,Rich,4
976461,SD,46031,Corson,2
976477,CO,08033,Dolores,8
976521,AR,05013,Calhoun,6
976534,MT,30091,Sheridan,20
976619,KS,20063,Gove,6
976626,OK,40003,Alfalfa,12
976669,WY,56011,Crook,9
976765,OH,39163,Vinton,1
977118,ND,38025,Dunn,3
977121,ND,38065,Oliver,1
977125,WI,55065,Lafayette,11
977466,NE,31061,Franklin,7
977741,IL,17169,Schuyler,9
977759,OK,40059,Harper,6
977864,NE,31075,Grant,1
977944,GA,13183,Long,6
978062,TX,48305,Lynn,16
978090,CA,06051,Mono,30
978127,TX,48169,Garza,2
978219,NM,35021,Harding,1
978335,MO,29133,Mississippi,14
978470,NE,31167,Stanton,1
