,GeoFips,county,state,population,per_capita_income,zip,latitude,longitude
0,02013,Aleutians East Borough,AK,3401,59574,99553,54.12,-165.83
1,02013,Aleutians East Borough,AK,3401,59574,99571,55.22,-162.78
2,02013,Aleutians East Borough,AK,3401,59574,99583,54.89,-163.41
3,02013,Aleutians East Borough,AK,3401,59574,99612,55.08,-162.32
4,02013,Aleutians East Borough,AK,3401,59574,99661,55.26,-160.66
5,02016,Aleutians West Census Area,AK,5680,59674,99546,51.83,-176.63
6,02016,Aleutians West Census Area,AK,5680,59674,99547,52.21,-174.22
7,02016,Aleutians West Census Area,AK,5680,59674,99591,56.57,-169.63
8,02016,Aleutians West Census Area,AK,5680,59674,99638,52.9,-168.94
9,02016,Aleutians West Census Area,AK,5680,59674,99660,57.18,-170.26
10,02016,Aleutians West Census Area,AK,5680,59674,99685,53.9,-166.4
11,02016,Aleutians West Census Area,AK,5680,59674,99692,53.89,-166.54
12,02020,Anchorage Municipality,AK,287095,70477,99501,61.22,-149.85
13,02020,Anchorage Municipality,AK,287095,70477,99502,61.16,-149.99
14,02020,Anchorage Municipality,AK,287095,70477,99503,61.18,-149.88
15,02020,Anchorage Municipality,AK,287095,70477,99504,61.2,-149.75
16,02020,Anchorage Municipality,AK,287095,70477,99505,61.26,-149.6
17,02020,Anchorage Municipality,AK,287095,70477,99506,61.27,-149.79
18,02020,Anchorage Municipality,AK,287095,70477,99507,61.14,-149.76
19,02020,Anchorage Municipality,AK,287095,70477,99508,61.2,-149.82
20,02020,Anchorage Municipality,AK,287095,70477,99513,61.21,-149.89
21,02020,Anchorage Municipality,AK,287095,70477,99515,61.11,-149.9
22,02020,Anchorage Municipality,AK,287095,70477,99516,61.08,-149.7
23,02020,Anchorage Municipality,AK,287095,70477,99517,61.19,-149.94
24,02020,Anchorage Municipality,AK,287095,70477,99518,61.15,-149.88
25,02020,Anchorage Municipality,AK,287095,70477,99540,61.0,-149.43
26,02020,Anchorage Municipality,AK,287095,70477,99567,61.41,-149.17
27,02020,Anchorage Municipality,AK,287095,70477,99577,61.21,-149.25
28,02020,Anchorage Municipality,AK,287095,70477,99587,60.9,-148.91
29,02050,Bethel Census Area,AK,18437,47936,99545,60.78,-161.79
30,02050,Bethel Census Area,AK,18437,47936,99551,60.9,-161.42
31,02050,Bethel Census Area,AK,18437,47936,99552,60.9,-161.23
32,02050,Bethel Census Area,AK,18437,47936,99557,61.2,-158.6
33,02050,Bethel Census Area,AK,18437,47936,99559,60.81,-161.85
34,02050,Bethel Census Area,AK,18437,47936,99561,60.15,-164.25
35,02050,Bethel Census Area,AK,18437,47936,99575,61.86,-157.99
36,02050,Bethel Census Area,AK,18437,47936,99578,60.21,-162.03
37,02050,Bethel Census Area,AK,18437,47936,99589,59.13,-161.57
38,02050,Bethel Census Area,AK,18437,47936,99607,61.61,-160.2
39,02050,Bethel Census Area,AK,18437,47936,99609,60.87,-162.54
40,02050,Bethel Census Area,AK,18437,47936,99614,59.93,-164.06
41,02050,Bethel Census Area,AK,18437,47936,99621,60.79,-161.42
42,02050,Bethel Census Area,AK,18437,47936,99622,59.87,-163.18
43,02050,Bethel Census Area,AK,18437,47936,99626,61.52,-160.36
44,02050,Bethel Census Area,AK,18437,47936,99630,60.37,-166.27
45,02050,Bethel Census Area,AK,18437,47936,99634,60.68,-162.0
46,02050,Bethel Census Area,AK,18437,47936,99637,60.54,-165.14
47,02050,Bethel Census Area,AK,18437,47936,99641,60.88,-162.46
48,02050,Bethel Census Area,AK,18437,47936,99651,59.0,-161.69
49,02050,Bethel Census Area,AK,18437,47936,99655,59.74,-161.89
50,02050,Bethel Census Area,AK,18437,47936,99656,61.94,-157.62
51,02050,Bethel Census Area,AK,18437,47936,99668,61.68,-157.16
52,02050,Bethel Census Area,AK,18437,47936,99679,61.1,-160.94
53,02050,Bethel Census Area,AK,18437,47936,99680,60.41,-162.65
54,02050,Bethel Census Area,AK,18437,47936,99681,60.6,-165.13
55,02050,Bethel Census Area,AK,18437,47936,99690,60.49,-164.81
56,02060,Bristol Bay Borough,AK,788,152678,99613,58.75,-156.54
57,02060,Bristol Bay Borough,AK,788,152678,99633,58.8,-156.9
58,02060,Bristol Bay Borough,AK,788,152678,99670,58.67,-156.98
59,02068,Denali Borough,AK,2081,72967,99704,64.3,-149.15
60,02068,Denali Borough,AK,2081,72967,99743,63.68,-150.03
61,02068,Denali Borough,AK,2081,72967,99744,64.31,-149.16
62,02068,Denali Borough,AK,2081,72967,99755,63.78,-148.52
63,02070,Dillingham Census Area,AK,4833,60792,99555,59.24,-158.62
64,02070,Dillingham Census Area,AK,4833,60792,99569,58.83,-158.53
65,02070,Dillingham Census Area,AK,4833,60792,99576,58.82,-157.86
66,02070,Dillingham Census Area,AK,4833,60792,99580,59.35,-157.48
67,02070,Dillingham Census Area,AK,4833,60792,99628,58.88,-158.93
68,02070,Dillingham Census Area,AK,4833,60792,99636,59.49,-157.29
69,02070,Dillingham Census Area,AK,4833,60792,99678,59.21,-160.54
70,02090,Fairbanks North Star Borough,AK,95651,62254,99701,64.81,-147.72
71,02090,Fairbanks North Star Borough,AK,95651,62254,99702,64.67,-147.04
72,02090,Fairbanks North Star Borough,AK,95651,62254,99703,64.83,-147.62
73,02090,Fairbanks North Star Borough,AK,95651,62254,99705,64.77,-147.33
74,02090,Fairbanks North Star Borough,AK,95651,62254,99707,64.83,-147.69
75,02090,Fairbanks North Star Borough,AK,95651,62254,99708,64.87,-147.89
76,02090,Fairbanks North Star Borough,AK,95651,62254,99709,64.9,-148.16
77,02090,Fairbanks North Star Borough,AK,95651,62254,99710,64.91,-147.56
78,02090,Fairbanks North Star Borough,AK,95651,62254,99711,64.81,-147.57
79,02090,Fairbanks North Star Borough,AK,95651,62254,99712,64.93,-146.61
80,02090,Fairbanks North Star Borough,AK,95651,62254,99714,64.37,-146.59
81,02090,Fairbanks North Star Borough,AK,95651,62254,99716,64.87,-146.87
82,02090,Fairbanks North Star Borough,AK,95651,62254,99725,64.85,-148.02
83,02090,Fairbanks North Star Borough,AK,95651,62254,99775,64.86,-147.82
84,02100,Haines Borough,AK,2614,64956,99827,59.16,-135.86
85,02105,Hoonah-Angoon Census Area,AK,2141,64708,99820,57.44,-134.48
86,02105,Hoonah-Angoon Census Area,AK,2141,64708,99825,58.16,-135.74
87,02105,Hoonah-Angoon Census Area,AK,2141,64708,99826,58.42,-135.78
88,02105,Hoonah-Angoon Census Area,AK,2141,64708,99829,58.11,-135.4
89,02105,Hoonah-Angoon Census Area,AK,2141,64708,99832,57.95,-136.11
90,02105,Hoonah-Angoon Census Area,AK,2141,64708,99841,57.79,-135.18
91,02110,Juneau City and Borough,AK,31849,74162,99801,58.58,-134.77
92,02110,Juneau City and Borough,AK,31849,74162,99824,58.26,-134.4
93,02122,Kenai Peninsula Borough,AK,59414,56139,99556,59.82,-151.59
94,02122,Kenai Peninsula Borough,AK,59414,56139,99568,60.21,-151.4
95,02122,Kenai Peninsula Borough,AK,59414,56139,99572,60.49,-149.82
96,02122,Kenai Peninsula Borough,AK,59414,56139,99603,59.4,-151.32
97,02122,Kenai Peninsula Borough,AK,59414,56139,99605,60.84,-149.4
98,02122,Kenai Peninsula Borough,AK,59414,56139,99610,60.28,-151.26
99,02122,Kenai Peninsula Borough,AK,59414,56139,99611,60.66,-150.9
100,02122,Kenai Peninsula Borough,AK,59414,56139,99631,60.57,-149.45
101,02122,Kenai Peninsula Borough,AK,59414,56139,99635,60.91,-150.7
102,02122,Kenai Peninsula Borough,AK,59414,56139,99639,60.07,-151.42
103,02122,Kenai Peninsula Borough,AK,59414,56139,99663,59.39,-151.66
104,02122,Kenai Peninsula Borough,AK,59414,56139,99664,60.05,-149.33
105,02122,Kenai Peninsula Borough,AK,59414,56139,99669,60.32,-150.79
106,02122,Kenai Peninsula Borough,AK,59414,56139,99672,60.54,-150.79
107,02122,Kenai Peninsula Borough,AK,59414,56139,99682,61.08,-151.16
108,02130,Ketchikan Gateway Borough,AK,13747,70574,99901,55.61,-131.58
109,02130,Ketchikan Gateway Borough,AK,13747,70574,99928,55.45,-131.79
110,02150,Kodiak Island Borough,AK,12992,66988,99550,57.9,-153.04
111,02150,Kodiak Island Borough,AK,12992,66988,99608,57.6,-154.33
112,02150,Kodiak Island Borough,AK,12992,66988,99615,57.79,-152.4
113,02150,Kodiak Island Borough,AK,12992,66988,99619,57.79,-152.4
114,02150,Kodiak Island Borough,AK,12992,66988,99624,57.59,-153.91
115,02150,Kodiak Island Borough,AK,12992,66988,99643,57.21,-153.32
116,02150,Kodiak Island Borough,AK,12992,66988,99644,57.93,-152.42
117,02150,Kodiak Island Borough,AK,12992,66988,99697,57.55,-153.43
118,02164,Lake and Peninsula Borough,AK,1493,63397,99548,56.23,-158.74
119,02164,Lake and Peninsula Borough,AK,1493,63397,99549,56.96,-158.58
120,02164,Lake and Peninsula Borough,AK,1493,63397,99564,56.3,-158.36
121,02164,Lake and Peninsula Borough,AK,1493,63397,99565,56.3,-158.49
122,02164,Lake and Peninsula Borough,AK,1493,63397,99579,58.21,-157.36
123,02164,Lake and Peninsula Borough,AK,1493,63397,99606,59.85,-154.56
124,02164,Lake and Peninsula Borough,AK,1493,63397,99625,59.29,-156.65
125,02164,Lake and Peninsula Borough,AK,1493,63397,99640,59.96,-154.87
126,02164,Lake and Peninsula Borough,AK,1493,63397,99647,59.86,-154.03
127,02164,Lake and Peninsula Borough,AK,1493,63397,99648,55.93,-159.15
128,02164,Lake and Peninsula Borough,AK,1493,63397,99649,57.5,-157.28
129,02164,Lake and Peninsula Borough,AK,1493,63397,99653,60.2,-154.28
130,02170,Matanuska-Susitna Borough,AK,110213,50386,99629,61.58,-149.44
131,02170,Matanuska-Susitna Borough,AK,110213,50386,99645,61.62,-148.98
132,02170,Matanuska-Susitna Borough,AK,110213,50386,99652,61.46,-150.09
133,02170,Matanuska-Susitna Borough,AK,110213,50386,99654,61.52,-149.57
134,02170,Matanuska-Susitna Borough,AK,110213,50386,99667,61.93,-151.73
135,02170,Matanuska-Susitna Borough,AK,110213,50386,99674,61.74,-148.22
136,02170,Matanuska-Susitna Borough,AK,110213,50386,99676,62.45,-149.79
137,02170,Matanuska-Susitna Borough,AK,110213,50386,99683,62.69,-151.07
138,02170,Matanuska-Susitna Borough,AK,110213,50386,99687,61.36,-150.07
139,02170,Matanuska-Susitna Borough,AK,110213,50386,99688,61.89,-149.73
140,02170,Matanuska-Susitna Borough,AK,110213,50386,99694,61.62,-149.79
141,02170,Matanuska-Susitna Borough,AK,110213,50386,99729,63.01,-149.4
142,02180,Nome Census Area,AK,9909,55950,99659,63.47,-162.11
143,02180,Nome Census Area,AK,9909,55950,99671,63.47,-162.28
144,02180,Nome Census Area,AK,9909,55950,99684,64.09,-160.36
145,02180,Nome Census Area,AK,9909,55950,99739,64.63,-162.34
146,02180,Nome Census Area,AK,9909,55950,99742,63.75,-171.69
147,02180,Nome Census Area,AK,9909,55950,99753,64.94,-161.15
148,02180,Nome Census Area,AK,9909,55950,99762,64.71,-164.62
149,02180,Nome Census Area,AK,9909,55950,99769,63.68,-170.49
150,02180,Nome Census Area,AK,9909,55950,99771,64.36,-161.21
151,02180,Nome Census Area,AK,9909,55950,99772,66.02,-165.91
152,02180,Nome Census Area,AK,9909,55950,99778,65.25,-166.36
153,02180,Nome Census Area,AK,9909,55950,99783,65.61,-168.09
154,02180,Nome Census Area,AK,9909,55950,99784,64.68,-163.41
155,02180,Nome Census Area,AK,9909,55950,99785,65.34,-166.51
156,02185,North Slope Borough,AK,9294,90809,99510,70.1,-149.87
157,02185,North Slope Borough,AK,9294,90809,99519,69.22,-146.79
158,02185,North Slope Borough,AK,9294,90809,99721,68.15,-151.71
159,02185,North Slope Borough,AK,9294,90809,99723,71.28,-156.78
160,02185,North Slope Borough,AK,9294,90809,99734,70.43,-149.29
161,02185,North Slope Borough,AK,9294,90809,99747,70.12,-143.66
162,02185,North Slope Borough,AK,9294,90809,99759,69.73,-162.82
163,02185,North Slope Borough,AK,9294,90809,99766,68.7,-164.81
164,02185,North Slope Borough,AK,9294,90809,99782,70.63,-159.96
165,02185,North Slope Borough,AK,9294,90809,99789,69.83,-152.14
166,02185,North Slope Borough,AK,9294,90809,99791,70.48,-157.39
167,02188,Northwest Arctic Borough,AK,7644,52440,99727,65.98,-161.14
168,02188,Northwest Arctic Borough,AK,7644,52440,99736,66.09,-162.76
169,02188,Northwest Arctic Borough,AK,7644,52440,99749,66.98,-160.43
170,02188,Northwest Arctic Borough,AK,7644,52440,99750,67.73,-164.55
171,02188,Northwest Arctic Borough,AK,7644,52440,99751,66.93,-156.88
172,02188,Northwest Arctic Borough,AK,7644,52440,99752,67.24,-161.19
173,02188,Northwest Arctic Borough,AK,7644,52440,99761,67.57,-163.0
174,02188,Northwest Arctic Borough,AK,7644,52440,99763,66.83,-161.03
175,02188,Northwest Arctic Borough,AK,7644,52440,99770,66.59,-160.02
176,02188,Northwest Arctic Borough,AK,7644,52440,99773,66.89,-157.16
177,02188,Northwest Arctic Borough,AK,7644,52440,99786,67.08,-157.9
178,02198,Prince of Wales-Hyder Census Area,AK,6147,48970,99918,55.97,-132.74
179,02198,Prince of Wales-Hyder Census Area,AK,6147,48970,99919,55.57,-132.39
180,02198,Prince of Wales-Hyder Census Area,AK,6147,48970,99921,55.46,-132.83
181,02198,Prince of Wales-Hyder Census Area,AK,6147,48970,99922,55.2,-132.81
182,02198,Prince of Wales-Hyder Census Area,AK,6147,48970,99923,55.97,-130.04
183,02198,Prince of Wales-Hyder Census Area,AK,6147,48970,99925,55.54,-132.96
184,02198,Prince of Wales-Hyder Census Area,AK,6147,48970,99927,56.3,-133.57
185,02220,Sitka City and Borough,AK,8405,70996,99835,56.73,-135.0
186,02230,Skagway Municipality,AK,1179,66548,99840,59.57,-135.35
187,02240,Southeast Fairbanks Census Area,AK,6957,54808,99706,64.01,-144.68
188,02240,Southeast Fairbanks Census Area,AK,6957,54808,99731,64.04,-145.73
189,02240,Southeast Fairbanks Census Area,AK,6957,54808,99732,64.07,-142.01
190,02240,Southeast Fairbanks Census Area,AK,6957,54808,99737,63.7,-144.89
191,02240,Southeast Fairbanks Census Area,AK,6957,54808,99738,64.43,-141.22
192,02240,Southeast Fairbanks Census Area,AK,6957,54808,99764,63.0,-141.69
193,02240,Southeast Fairbanks Census Area,AK,6957,54808,99776,63.38,-143.39
194,02240,Southeast Fairbanks Census Area,AK,6957,54808,99779,63.13,-142.53
195,02240,Southeast Fairbanks Census Area,AK,6957,54808,99780,63.18,-143.1
196,02261,Valdez-Cordova Census Area,AK,(NA),(NA),99566,61.45,-143.15
197,02261,Valdez-Cordova Census Area,AK,(NA),(NA),99573,61.68,-145.14
198,02261,Valdez-Cordova Census Area,AK,(NA),(NA),99574,60.79,-145.61
199,02261,Valdez-Cordova Census Area,AK,(NA),(NA),99586,62.83,-143.43
200,02261,Valdez-Cordova Census Area,AK,(NA),(NA),99588,62.1,-145.53
201,02261,Valdez-Cordova Census Area,AK,(NA),(NA),99677,60.88,-146.65
202,02261,Valdez-Cordova Census Area,AK,(NA),(NA),99686,61.15,-146.81
203,02261,Valdez-Cordova Census Area,AK,(NA),(NA),99693,60.85,-148.03
204,02275,Wrangell City and Borough,AK,2510,48549,99903,55.68,-132.19
205,02275,Wrangell City and Borough,AK,2510,48549,99929,56.41,-131.61
206,02282,Yakutat City and Borough,AK,637,66119,99689,59.51,-139.71
207,02290,Yukon-Koyukuk Census Area,AK,5077,63675,99558,62.63,-160.2
208,02290,Yukon-Koyukuk Census Area,AK,5077,63675,99590,62.89,-160.1
209,02290,Yukon-Koyukuk Census Area,AK,5077,63675,99602,62.18,-159.84
210,02290,Yukon-Koyukuk Census Area,AK,5077,63675,99627,63.61,-154.78
211,02290,Yukon-Koyukuk Census Area,AK,5077,63675,99665,62.64,-159.53
212,02290,Yukon-Koyukuk Census Area,AK,5077,63675,99675,62.97,-156.08
213,02290,Yukon-Koyukuk Census Area,AK,5077,63675,99691,62.87,-153.87
214,02290,Yukon-Koyukuk Census Area,AK,5077,63675,99720,66.57,-152.95
215,02290,Yukon-Koyukuk Census Area,AK,5077,63675,99722,68.09,-145.6
216,02290,Yukon-Koyukuk Census Area,AK,5077,63675,99724,66.39,-147.34
217,02290,Yukon-Koyukuk Census Area,AK,5077,63675,99726,67.24,-152.27
218,02290,Yukon-Koyukuk Census Area,AK,5077,63675,99730,65.47,-145.19
219,02290,Yukon-Koyukuk Census Area,AK,5077,63675,99733,65.79,-144.2
220,02290,Yukon-Koyukuk Census Area,AK,5077,63675,99740,66.56,-145.25
221,02290,Yukon-Koyukuk Census Area,AK,5077,63675,99741,64.74,-156.85
222,02290,Yukon-Koyukuk Census Area,AK,5077,63675,99745,66.05,-154.24
223,02290,Yukon-Koyukuk Census Area,AK,5077,63675,99746,65.69,-156.35
224,02290,Yukon-Koyukuk Census Area,AK,5077,63675,99748,64.35,-158.77
225,02290,Yukon-Koyukuk Census Area,AK,5077,63675,99754,64.9,-157.69
226,02290,Yukon-Koyukuk Census Area,AK,5077,63675,99756,64.65,-150.9
227,02290,Yukon-Koyukuk Census Area,AK,5077,63675,99757,63.81,-152.25
228,02290,Yukon-Koyukuk Census Area,AK,5077,63675,99758,65.15,-149.37
229,02290,Yukon-Koyukuk Census Area,AK,5077,63675,99760,64.47,-148.57
230,02290,Yukon-Koyukuk Census Area,AK,5077,63675,99765,64.72,-158.11
231,02290,Yukon-Koyukuk Census Area,AK,5077,63675,99767,65.5,-150.15
232,02290,Yukon-Koyukuk Census Area,AK,5077,63675,99768,65.03,-154.91
233,02290,Yukon-Koyukuk Census Area,AK,5077,63675,99774,66.01,-149.07
234,02290,Yukon-Koyukuk Census Area,AK,5077,63675,99777,65.18,-152.07
235,02290,Yukon-Koyukuk Census Area,AK,5077,63675,99781,67.0,-146.37
236,02290,Yukon-Koyukuk Census Area,AK,5077,63675,99788,66.64,-143.78
237,02290,Yukon-Koyukuk Census Area,AK,5077,63675,99790,65.39,-148.33
238,08111,San Juan,CO,748,50039,00929,18.4,-66.06
239,08111,San Juan,CO,748,50039,00931,18.4,-66.06
240,08111,San Juan,CO,748,50039,00933,18.4,-66.06
241,08111,San Juan,CO,748,50039,00935,18.4,-66.06
242,08111,San Juan,CO,748,50039,00937,18.4,-66.06
243,08111,San Juan,CO,748,50039,00939,18.4,-66.06
244,08111,San Juan,CO,748,50039,00955,18.4,-66.06
245,08111,San Juan,CO,748,50039,00975,18.4,-66.06
246,08111,San Juan,CO,748,50039,00978,18.37,-66.01
247,35045,San Juan,NM,123312,38370,00929,18.4,-66.06
248,35045,San Juan,NM,123312,38370,00931,18.4,-66.06
249,35045,San Juan,NM,123312,38370,00933,18.4,-66.06
250,35045,San Juan,NM,123312,38370,00935,18.4,-66.06
251,35045,San Juan,NM,123312,38370,00937,18.4,-66.06
252,35045,San Juan,NM,123312,38370,00939,18.4,-66.06
253,35045,San Juan,NM,123312,38370,00955,18.4,-66.06
254,35045,San Juan,NM,123312,38370,00975,18.4,-66.06
255,35045,San Juan,NM,123312,38370,00978,18.37,-66.01
256,49037,San Juan,UT,15278,30198,00929,18.4,-66.06
257,49037,San Juan,UT,15278,30198,00931,18.4,-66.06
258,49037,San Juan,UT,15278,30198,00933,18.4,-66.06
259,49037,San Juan,UT,15278,30198,00935,18.4,-66.06
260,49037,San Juan,UT,15278,30198,00937,18.4,-66.06
261,49037,San Juan,UT,15278,30198,00939,18.4,-66.06
262,49037,San Juan,UT,15278,30198,00955,18.4,-66.06
263,49037,San Juan,UT,15278,30198,00975,18.4,-66.06
264,49037,San Juan,UT,15278,30198,00978,18.37,-66.01
265,53055,San Juan,WA,17492,81858,00929,18.4,-66.06
266,53055,San Juan,WA,17492,81858,00931,18.4,-66.06
267,53055,San Juan,WA,17492,81858,00933,18.4,-66.06
268,53055,San Juan,WA,17492,81858,00935,18.4,-66.06
269,53055,San Juan,WA,17492,81858,00937,18.4,-66.06
270,53055,San Juan,WA,17492,81858,00939,18.4,-66.06
271,53055,San Juan,WA,17492,81858,00955,18.4,-66.06
272,53055,San Juan,WA,17492,81858,00975,18.4,-66.06
273,53055,San Juan,WA,17492,81858,00978,18.37,-66.01
274,11001,District of Columbia,DC,712816,86567,20001,38.91,-77.02
275,11001,District of Columbia,DC,712816,86567,20002,38.91,-76.98
276,11001,District of Columbia,DC,712816,86567,20003,38.88,-76.99
277,11001,District of Columbia,DC,712816,86567,20004,38.89,-77.03
278,11001,District of Columbia,DC,712816,86567,20005,38.9,-77.03
279,11001,District of Columbia,DC,712816,86567,20006,38.9,-77.04
280,11001,District of Columbia,DC,712816,86567,20007,38.91,-77.08
281,11001,District of Columbia,DC,712816,86567,20008,38.94,-77.06
282,11001,District of Columbia,DC,712816,86567,20009,38.92,-77.04
283,11001,District of Columbia,DC,712816,86567,20010,38.93,-77.03
284,11001,District of Columbia,DC,712816,86567,20011,38.95,-77.02
285,11001,District of Columbia,DC,712816,86567,20012,38.98,-77.03
286,11001,District of Columbia,DC,712816,86567,20013,38.89,-77.03
287,11001,District of Columbia,DC,712816,86567,20015,38.97,-77.06
288,11001,District of Columbia,DC,712816,86567,20016,38.94,-77.09
289,11001,District of Columbia,DC,712816,86567,20017,38.94,-76.99
290,11001,District of Columbia,DC,712816,86567,20018,38.93,-76.97
291,11001,District of Columbia,DC,712816,86567,20019,38.89,-76.94
292,11001,District of Columbia,DC,712816,86567,20020,38.86,-76.98
293,11001,District of Columbia,DC,712816,86567,20022,38.91,-76.96
294,11001,District of Columbia,DC,712816,86567,20023,38.9,-77.01
295,11001,District of Columbia,DC,712816,86567,20024,38.89,-77.03
296,11001,District of Columbia,DC,712816,86567,20026,38.89,-77.03
297,11001,District of Columbia,DC,712816,86567,20027,38.9,-76.98
298,11001,District of Columbia,DC,712816,86567,20029,38.89,-77.03
299,11001,District of Columbia,DC,712816,86567,20030,38.89,-77.03
300,11001,District of Columbia,DC,712816,86567,20032,38.83,-77.01
301,11001,District of Columbia,DC,712816,86567,20033,38.89,-77.03
302,11001,District of Columbia,DC,712816,86567,20035,38.89,-77.03
303,11001,District of Columbia,DC,712816,86567,20036,38.91,-77.04
304,11001,District of Columbia,DC,712816,86567,20037,38.9,-77.06
305,11001,District of Columbia,DC,712816,86567,20038,38.89,-77.03
306,11001,District of Columbia,DC,712816,86567,20039,38.89,-77.03
307,11001,District of Columbia,DC,712816,86567,20040,38.89,-77.03
308,11001,District of Columbia,DC,712816,86567,20041,38.89,-77.03
309,11001,District of Columbia,DC,712816,86567,20042,38.89,-77.03
310,11001,District of Columbia,DC,712816,86567,20043,38.89,-77.03
311,11001,District of Columbia,DC,712816,86567,20044,38.89,-77.03
312,11001,District of Columbia,DC,712816,86567,20045,38.9,-77.03
313,11001,District of Columbia,DC,712816,86567,20046,38.89,-77.03
314,11001,District of Columbia,DC,712816,86567,20047,38.89,-77.03
315,11001,District of Columbia,DC,712816,86567,20049,38.89,-77.03
316,11001,District of Columbia,DC,712816,86567,20050,38.89,-77.03
317,11001,District of Columbia,DC,712816,86567,20051,38.89,-77.03
318,11001,District of Columbia,DC,712816,86567,20052,38.9,-77.05
319,11001,District of Columbia,DC,712816,86567,20053,38.88,-77.01
320,11001,District of Columbia,DC,712816,86567,20055,38.89,-77.03
321,11001,District of Columbia,DC,712816,86567,20056,38.89,-77.03
322,11001,District of Columbia,DC,712816,86567,20057,38.91,-77.08
323,11001,District of Columbia,DC,712816,86567,20058,38.89,-77.03
324,11001,District of Columbia,DC,712816,86567,20059,38.89,-77.03
325,11001,District of Columbia,DC,712816,86567,20060,38.89,-77.03
326,11001,District of Columbia,DC,712816,86567,20061,38.89,-77.03
327,11001,District of Columbia,DC,712816,86567,20062,38.89,-77.03
328,11001,District of Columbia,DC,712816,86567,20063,38.89,-77.03
329,11001,District of Columbia,DC,712816,86567,20064,38.94,-77.0
330,11001,District of Columbia,DC,712816,86567,20065,38.89,-77.03
331,11001,District of Columbia,DC,712816,86567,20066,38.89,-77.03
332,11001,District of Columbia,DC,712816,86567,20067,38.89,-77.03
333,11001,District of Columbia,DC,712816,86567,20068,38.89,-77.03
334,11001,District of Columbia,DC,712816,86567,20069,38.89,-77.03
335,11001,District of Columbia,DC,712816,86567,20070,38.89,-77.03
336,11001,District of Columbia,DC,712816,86567,20071,38.89,-77.03
337,11001,District of Columbia,DC,712816,86567,20073,38.89,-77.03
338,11001,District of Columbia,DC,712816,86567,20074,38.89,-77.03
339,11001,District of Columbia,DC,712816,86567,20075,38.89,-77.03
340,11001,District of Columbia,DC,712816,86567,20076,38.89,-77.03
341,11001,District of Columbia,DC,712816,86567,20077,38.89,-77.03
342,11001,District of Columbia,DC,712816,86567,20078,38.89,-77.03
343,11001,District of Columbia,DC,712816,86567,20080,38.89,-77.03
344,11001,District of Columbia,DC,712816,86567,20081,38.89,-77.03
345,11001,District of Columbia,DC,712816,86567,20082,38.89,-77.03
346,11001,District of Columbia,DC,712816,86567,20088,38.89,-77.03
347,11001,District of Columbia,DC,712816,86567,20090,38.89,-77.03
348,11001,District of Columbia,DC,712816,86567,20091,38.89,-77.03
349,11001,District of Columbia,DC,712816,86567,20097,38.89,-77.03
350,11001,District of Columbia,DC,712816,86567,20098,38.89,-77.03
351,11001,District of Columbia,DC,712816,86567,20201,38.89,-77.03
352,11001,District of Columbia,DC,712816,86567,20202,38.89,-77.02
353,11001,District of Columbia,DC,712816,86567,20203,38.89,-77.03
354,11001,District of Columbia,DC,712816,86567,20204,38.89,-77.01
355,11001,District of Columbia,DC,712816,86567,20206,38.89,-77.03
356,11001,District of Columbia,DC,712816,86567,20207,38.89,-77.03
357,11001,District of Columbia,DC,712816,86567,20208,38.89,-77.03
358,11001,District of Columbia,DC,712816,86567,20210,38.89,-77.03
359,11001,District of Columbia,DC,712816,86567,20211,38.89,-77.03
360,11001,District of Columbia,DC,712816,86567,20212,38.89,-77.03
361,11001,District of Columbia,DC,712816,86567,20213,38.89,-77.03
362,11001,District of Columbia,DC,712816,86567,20214,38.89,-77.03
363,11001,District of Columbia,DC,712816,86567,20215,38.89,-77.03
364,11001,District of Columbia,DC,712816,86567,20216,38.89,-77.03
365,11001,District of Columbia,DC,712816,86567,20217,38.89,-77.03
366,11001,District of Columbia,DC,712816,86567,20218,38.89,-77.03
367,11001,District of Columbia,DC,712816,86567,20219,38.89,-77.03
368,11001,District of Columbia,DC,712816,86567,20220,38.89,-77.03
369,11001,District of Columbia,DC,712816,86567,20221,38.89,-77.03
370,11001,District of Columbia,DC,712816,86567,20222,38.89,-77.03
371,11001,District of Columbia,DC,712816,86567,20223,38.89,-77.03
372,11001,District of Columbia,DC,712816,86567,20224,38.89,-77.03
373,11001,District of Columbia,DC,712816,86567,20226,38.89,-77.03
374,11001,District of Columbia,DC,712816,86567,20227,38.89,-77.03
375,11001,District of Columbia,DC,712816,86567,20228,38.89,-77.03
376,11001,District of Columbia,DC,712816,86567,20229,38.89,-77.03
377,11001,District of Columbia,DC,712816,86567,20230,38.89,-77.03
378,11001,District of Columbia,DC,712816,86567,20232,38.89,-77.03
379,11001,District of Columbia,DC,712816,86567,20233,38.89,-77.03
380,11001,District of Columbia,DC,712816,86567,20235,38.89,-77.03
381,11001,District of Columbia,DC,712816,86567,20237,38.88,-77.01
382,11001,District of Columbia,DC,712816,86567,20238,38.89,-77.03
383,11001,District of Columbia,DC,712816,86567,20239,38.89,-77.03
384,11001,District of Columbia,DC,712816,86567,20240,38.89,-77.04
385,11001,District of Columbia,DC,712816,86567,20241,38.89,-77.03
386,11001,District of Columbia,DC,712816,86567,20242,38.89,-77.03
387,11001,District of Columbia,DC,712816,86567,20244,38.89,-77.03
388,11001,District of Columbia,DC,712816,86567,20245,38.89,-77.04
389,11001,District of Columbia,DC,712816,86567,20250,38.89,-77.03
390,11001,District of Columbia,DC,712816,86567,20251,38.89,-77.03
391,11001,District of Columbia,DC,712816,86567,20254,38.89,-77.03
392,11001,District of Columbia,DC,712816,86567,20260,38.88,-77.02
393,11001,District of Columbia,DC,712816,86567,20261,38.89,-77.03
394,11001,District of Columbia,DC,712816,86567,20262,38.89,-77.03
395,11001,District of Columbia,DC,712816,86567,20265,38.89,-77.03
396,11001,District of Columbia,DC,712816,86567,20266,38.89,-77.03
397,11001,District of Columbia,DC,712816,86567,20268,38.89,-77.03
398,11001,District of Columbia,DC,712816,86567,20270,38.89,-77.03
399,11001,District of Columbia,DC,712816,86567,20277,38.89,-77.03
400,11001,District of Columbia,DC,712816,86567,20289,38.89,-77.03
401,11001,District of Columbia,DC,712816,86567,20299,38.89,-77.03
402,11001,District of Columbia,DC,712816,86567,20301,38.89,-77.03
403,11001,District of Columbia,DC,712816,86567,20303,38.89,-77.03
404,11001,District of Columbia,DC,712816,86567,20306,38.89,-77.03
405,11001,District of Columbia,DC,712816,86567,20307,38.97,-77.03
406,11001,District of Columbia,DC,712816,86567,20310,38.89,-77.03
407,11001,District of Columbia,DC,712816,86567,20314,38.89,-77.03
408,11001,District of Columbia,DC,712816,86567,20317,38.93,-77.01
409,11001,District of Columbia,DC,712816,86567,20318,38.89,-77.03
410,11001,District of Columbia,DC,712816,86567,20319,38.86,-77.02
411,11001,District of Columbia,DC,712816,86567,20330,38.89,-77.03
412,11001,District of Columbia,DC,712816,86567,20340,38.89,-77.03
413,11001,District of Columbia,DC,712816,86567,20350,38.89,-77.03
414,11001,District of Columbia,DC,712816,86567,20355,38.9,-77.04
415,11001,District of Columbia,DC,712816,86567,20370,38.89,-77.03
416,11001,District of Columbia,DC,712816,86567,20372,38.89,-77.03
417,11001,District of Columbia,DC,712816,86567,20373,38.86,-77.01
418,11001,District of Columbia,DC,712816,86567,20374,38.89,-77.03
419,11001,District of Columbia,DC,712816,86567,20375,38.89,-77.03
420,11001,District of Columbia,DC,712816,86567,20376,38.87,-76.99
421,11001,District of Columbia,DC,712816,86567,20380,38.89,-77.03
422,11001,District of Columbia,DC,712816,86567,20388,38.89,-77.03
423,11001,District of Columbia,DC,712816,86567,20389,38.89,-77.03
424,11001,District of Columbia,DC,712816,86567,20390,38.88,-76.99
425,11001,District of Columbia,DC,712816,86567,20391,38.89,-77.03
426,11001,District of Columbia,DC,712816,86567,20392,38.89,-77.03
427,11001,District of Columbia,DC,712816,86567,20393,38.89,-77.03
428,11001,District of Columbia,DC,712816,86567,20394,38.89,-77.03
429,11001,District of Columbia,DC,712816,86567,20395,38.89,-77.03
430,11001,District of Columbia,DC,712816,86567,20398,38.89,-77.03
431,11001,District of Columbia,DC,712816,86567,20401,38.89,-77.03
432,11001,District of Columbia,DC,712816,86567,20402,38.89,-77.03
433,11001,District of Columbia,DC,712816,86567,20403,38.89,-77.03
434,11001,District of Columbia,DC,712816,86567,20404,38.89,-77.03
435,11001,District of Columbia,DC,712816,86567,20405,38.9,-77.04
436,11001,District of Columbia,DC,712816,86567,20406,38.89,-77.03
437,11001,District of Columbia,DC,712816,86567,20407,38.89,-77.03
438,11001,District of Columbia,DC,712816,86567,20408,38.89,-77.03
439,11001,District of Columbia,DC,712816,86567,20409,38.89,-77.03
440,11001,District of Columbia,DC,712816,86567,20410,38.89,-77.03
441,11001,District of Columbia,DC,712816,86567,20411,38.89,-77.03
442,11001,District of Columbia,DC,712816,86567,20412,38.89,-77.03
443,11001,District of Columbia,DC,712816,86567,20413,38.89,-77.03
444,11001,District of Columbia,DC,712816,86567,20414,38.89,-77.03
445,11001,District of Columbia,DC,712816,86567,20415,38.89,-77.03
446,11001,District of Columbia,DC,712816,86567,20416,38.89,-77.03
447,11001,District of Columbia,DC,712816,86567,20418,38.89,-77.05
448,11001,District of Columbia,DC,712816,86567,20419,38.89,-77.03
449,11001,District of Columbia,DC,712816,86567,20420,38.89,-77.03
450,11001,District of Columbia,DC,712816,86567,20421,38.89,-77.03
451,11001,District of Columbia,DC,712816,86567,20422,38.89,-77.03
452,11001,District of Columbia,DC,712816,86567,20423,38.89,-77.03
453,11001,District of Columbia,DC,712816,86567,20424,38.89,-77.03
454,11001,District of Columbia,DC,712816,86567,20425,38.89,-77.03
455,11001,District of Columbia,DC,712816,86567,20426,38.89,-77.03
456,11001,District of Columbia,DC,712816,86567,20427,38.9,-77.05
457,11001,District of Columbia,DC,712816,86567,20428,38.89,-77.03
458,11001,District of Columbia,DC,712816,86567,20429,38.89,-77.03
459,11001,District of Columbia,DC,712816,86567,20431,38.89,-77.03
460,11001,District of Columbia,DC,712816,86567,20433,38.89,-77.03
461,11001,District of Columbia,DC,712816,86567,20434,38.89,-77.03
462,11001,District of Columbia,DC,712816,86567,20435,38.89,-77.03
463,11001,District of Columbia,DC,712816,86567,20436,38.89,-77.03
464,11001,District of Columbia,DC,712816,86567,20437,38.89,-77.03
465,11001,District of Columbia,DC,712816,86567,20439,38.89,-77.03
466,11001,District of Columbia,DC,712816,86567,20440,38.89,-77.03
467,11001,District of Columbia,DC,712816,86567,20441,38.89,-77.03
468,11001,District of Columbia,DC,712816,86567,20442,38.89,-77.03
469,11001,District of Columbia,DC,712816,86567,20444,38.89,-77.03
470,11001,District of Columbia,DC,712816,86567,20447,38.89,-77.03
471,11001,District of Columbia,DC,712816,86567,20451,38.89,-77.03
472,11001,District of Columbia,DC,712816,86567,20453,38.89,-77.03
473,11001,District of Columbia,DC,712816,86567,20456,38.89,-77.03
474,11001,District of Columbia,DC,712816,86567,20460,38.89,-77.03
475,11001,District of Columbia,DC,712816,86567,20463,38.89,-77.03
476,11001,District of Columbia,DC,712816,86567,20468,38.89,-77.03
477,11001,District of Columbia,DC,712816,86567,20469,38.89,-77.03
478,11001,District of Columbia,DC,712816,86567,20470,38.89,-77.03
479,11001,District of Columbia,DC,712816,86567,20472,38.89,-77.03
480,11001,District of Columbia,DC,712816,86567,20500,38.89,-77.03
481,11001,District of Columbia,DC,712816,86567,20501,38.89,-77.03
482,11001,District of Columbia,DC,712816,86567,20502,38.89,-77.03
483,11001,District of Columbia,DC,712816,86567,20503,38.89,-77.03
484,11001,District of Columbia,DC,712816,86567,20504,38.89,-77.03
485,11001,District of Columbia,DC,712816,86567,20505,38.89,-77.03
486,11001,District of Columbia,DC,712816,86567,20506,38.9,-77.04
487,11001,District of Columbia,DC,712816,86567,20507,38.89,-77.03
488,11001,District of Columbia,DC,712816,86567,20508,38.89,-77.03
489,11001,District of Columbia,DC,712816,86567,20509,38.9,-77.04
490,11001,District of Columbia,DC,712816,86567,20510,38.89,-77.01
491,11001,District of Columbia,DC,712816,86567,20511,38.97,-77.05
492,11001,District of Columbia,DC,712816,86567,20515,38.89,-77.03
493,11001,District of Columbia,DC,712816,86567,20520,38.89,-77.05
494,11001,District of Columbia,DC,712816,86567,20521,38.89,-77.03
495,11001,District of Columbia,DC,712816,86567,20522,38.89,-77.03
496,11001,District of Columbia,DC,712816,86567,20523,38.89,-77.03
497,11001,District of Columbia,DC,712816,86567,20524,38.89,-77.03
498,11001,District of Columbia,DC,712816,86567,20525,38.89,-77.03
499,11001,District of Columbia,DC,712816,86567,20526,38.89,-77.03
500,11001,District of Columbia,DC,712816,86567,20527,38.89,-77.03
501,11001,District of Columbia,DC,712816,86567,20528,38.89,-77.02
502,11001,District of Columbia,DC,712816,86567,20529,38.89,-77.01
503,11001,District of Columbia,DC,712816,86567,20530,38.89,-77.03
504,11001,District of Columbia,DC,712816,86567,20531,38.89,-77.03
505,11001,District of Columbia,DC,712816,86567,20532,38.89,-77.03
506,11001,District of Columbia,DC,712816,86567,20533,38.89,-77.03
507,11001,District of Columbia,DC,712816,86567,20534,38.89,-77.03
508,11001,District of Columbia,DC,712816,86567,20535,38.89,-77.02
509,11001,District of Columbia,DC,712816,86567,20536,38.89,-77.03
510,11001,District of Columbia,DC,712816,86567,20537,38.89,-77.03
511,11001,District of Columbia,DC,712816,86567,20538,38.89,-77.03
512,11001,District of Columbia,DC,712816,86567,20539,38.89,-77.03
513,11001,District of Columbia,DC,712816,86567,20540,38.89,-77.0
514,11001,District of Columbia,DC,712816,86567,20541,38.89,-77.03
515,11001,District of Columbia,DC,712816,86567,20542,38.89,-77.03
516,11001,District of Columbia,DC,712816,86567,20543,38.89,-77.03
517,11001,District of Columbia,DC,712816,86567,20544,38.89,-77.03
518,11001,District of Columbia,DC,712816,86567,20546,38.89,-77.03
519,11001,District of Columbia,DC,712816,86567,20547,38.89,-77.03
520,11001,District of Columbia,DC,712816,86567,20548,38.89,-77.03
521,11001,District of Columbia,DC,712816,86567,20549,38.89,-77.03
522,11001,District of Columbia,DC,712816,86567,20551,38.89,-77.05
523,11001,District of Columbia,DC,712816,86567,20552,38.89,-77.03
524,11001,District of Columbia,DC,712816,86567,20553,38.89,-77.02
525,11001,District of Columbia,DC,712816,86567,20554,38.89,-77.03
526,11001,District of Columbia,DC,712816,86567,20555,38.89,-77.03
527,11001,District of Columbia,DC,712816,86567,20557,38.89,-77.03
528,11001,District of Columbia,DC,712816,86567,20558,38.89,-77.03
529,11001,District of Columbia,DC,712816,86567,20559,38.89,-77.03
530,11001,District of Columbia,DC,712816,86567,20560,38.89,-77.03
531,11001,District of Columbia,DC,712816,86567,20565,38.89,-77.02
532,11001,District of Columbia,DC,712816,86567,20566,38.9,-77.06
533,11001,District of Columbia,DC,712816,86567,20570,38.89,-77.03
534,11001,District of Columbia,DC,712816,86567,20571,38.89,-77.03
535,11001,District of Columbia,DC,712816,86567,20572,38.89,-77.03
536,11001,District of Columbia,DC,712816,86567,20573,38.89,-77.03
537,11001,District of Columbia,DC,712816,86567,20575,38.89,-77.03
538,11001,District of Columbia,DC,712816,86567,20576,38.89,-77.03
539,11001,District of Columbia,DC,712816,86567,20577,38.89,-77.03
540,11001,District of Columbia,DC,712816,86567,20578,38.89,-77.03
541,11001,District of Columbia,DC,712816,86567,20579,38.89,-77.03
542,11001,District of Columbia,DC,712816,86567,20580,38.89,-77.03
543,11001,District of Columbia,DC,712816,86567,20581,38.89,-77.03
544,11001,District of Columbia,DC,712816,86567,20585,38.89,-77.03
545,11001,District of Columbia,DC,712816,86567,20586,38.89,-77.03
546,11001,District of Columbia,DC,712816,86567,20590,38.89,-77.03
547,11001,District of Columbia,DC,712816,86567,20591,38.89,-77.03
548,11001,District of Columbia,DC,712816,86567,20593,38.87,-77.01
549,11001,District of Columbia,DC,712816,86567,20594,38.89,-77.03
550,11001,District of Columbia,DC,712816,86567,20597,38.89,-77.03
551,11001,District of Columbia,DC,712816,86567,20599,38.89,-77.03
552,11001,District of Columbia,DC,712816,86567,56901,38.9,-77.04
553,11001,District of Columbia,DC,712816,86567,56902,38.89,-77.03
554,11001,District of Columbia,DC,712816,86567,56904,38.89,-77.03
555,11001,District of Columbia,DC,712816,86567,56915,38.92,-76.99
556,11001,District of Columbia,DC,712816,86567,56920,38.9,-77.04
557,11001,District of Columbia,DC,712816,86567,56933,38.86,-76.99
558,11001,District of Columbia,DC,712816,86567,56944,38.86,-76.99
559,11001,District of Columbia,DC,712816,86567,56945,38.89,-77.03
560,11001,District of Columbia,DC,712816,86567,56950,38.89,-77.03
561,11001,District of Columbia,DC,712816,86567,56965,38.89,-77.03
562,11001,District of Columbia,DC,712816,86567,56972,38.86,-76.99
563,51036,Charles City,VA,6821,51498,23147,37.36,-77.04
